variable_name,readable_name,definition,description,type,units,allowed_values,value_labels,missing_values,source_or_origin,derivation_or_transformation,validation_rules,notes,review_status
Data/conway_studies.csv,Conway study table,Operational canonical study-level input for the TcCO2-PaCO2 agreement model,CSV source used for canonical promotion package workflows and browser staging,file,n/a,n/a,n/a,n/a,Conway Thorax evidence synthesis and Figshare source archive,Curated from source study summaries into repository schema,must be nonempty and satisfy validate_conway_studies_df and semantic parity with XLSX within 1e-12,Requested subgroup analyses must also be nonempty; canonical executable promotion source,ok
Data/conway_studies.xlsx,Conway study workbook,Human-editable review mirror of the canonical Conway CSV,Spreadsheet form for review and study additions,file,n/a,n/a,n/a,n/a,Derived from Data/conway_studies.csv,Same rows and values as canonical CSV,must satisfy validate_conway_studies_df after read_excel and semantic parity with CSV within 1e-12,Not a direct canonical promotion source,ok
Data/conway_studies_template.xlsx,Conway study template,Blank or template workbook for adding Conway-compatible studies,Template for future study additions,file,n/a,n/a,n/a,n/a,Repository-authored template,Structured to match Conway study schema,must contain required Conway schema columns,Use docs/ADDING_STUDIES.md before editing,ok
Data/data_counts.csv,Conway count fallback,Public count fallback used when exporting Conway RData to canonical study tables,Study-level counts for paired measurements and participants,CSV,n/a,n/a,n/a,n/a,Conway/Figshare source-derived counts,Used by scripts/export_conway_rdata.py as fallback,must include study_id n_pairs n_participants c and satisfy the canonical count and c rules,Missing or blank identifiers and noninteger observed counts fail even with --no-strict or --allow-missing-counts,needs_review
Data/paco2_public_prior.csv,Public PaCO2 prior,Public normalized PaCO2 prior weights for browser deployment,Weight-only 1 mmHg bins by group without exact count columns,CSV,mmHg for paco2_bin; probability weight for weight,group values used by app; paco2_bin finite and positive; weight nonnegative,n/a,n/a,Restricted local PaCO2 distribution transformed for public deployment,Binned to 1 mmHg and normalized to weights; exact counts omitted,paco2_bin supports must be finite and positive with no hard upper cutoff; weights must be nonnegative and sum approximately 1 within group,Does not expose exact count-bearing prior bins,ok
study_id,Study identifier,Unique Conway study/cohort identifier,Primary key in Conway study input table,string,n/a,unique non-empty strings after trimming,n/a,blank invalid,Data/conway_studies.csv,Curated from source study labels,must be non-empty and unique after surrounding whitespace is stripped,Required by validate_conway_studies_df,ok
bias,Mean PaCO2 minus TcCO2 difference,Study-level mean difference defined as PaCO2 - TcCO2,Input to meta-analysis and agreement model,numeric,mmHg,finite numeric,n/a,blank invalid,Data/conway_studies.csv,Curated from Conway evidence synthesis/source tables,must be finite,Sign convention follows docs/SPEC.md,ok
sd,Within-study standard deviation,Study-level standard deviation of PaCO2 - TcCO2 differences,Optional when s2 is available,numeric,mmHg,finite positive numeric,n/a,column may be omitted if s2 is present; values in a supplied column cannot be blank,Data/conway_studies.csv,Curated or derived from source variance,must be finite and positive; if s2 is supplied then sd squared must agree at rtol 1e-10 and atol 1e-12,Omit a discordant redundant field rather than forcing agreement,ok
s2,Within-study variance,Study-level variance of PaCO2 - TcCO2 differences,Optional when sd is available,numeric,mmHg squared,finite positive numeric,n/a,column may be omitted if sd is present; values in a supplied column cannot be blank,Data/conway_studies.csv,Usually sd squared or source variance,must be finite and positive; if sd is supplied then s2 must agree with sd squared at rtol 1e-10 and atol 1e-12,Omit a discordant redundant field rather than forcing agreement,ok
n_pairs,Paired measurements,Number of paired PaCO2/TcCO2 measurements contributing to a study row,Used for meta-analysis weights and repeated-measure handling,integer,pairs,integer >= n_participants,n/a,blank invalid,Data/conway_studies.csv,Curated from source counts,must be finite and integer-valued and at least n_participants,May exceed participants when repeated measures exist,ok
n_participants,Participants,Number of participants contributing paired measurements,Used with n_pairs to derive repeated-measure count c,integer,participants,integer > 1,n/a,blank invalid,Data/conway_studies.csv,Curated from source counts,must be finite and integer-valued and greater than 1,Must not exceed n_pairs,ok
c,Repeated measurements per participant,Average paired measurements per participant,Used in Conway meta-analysis calculations,numeric,pairs per participant,finite numeric >= 1,n/a,column may be omitted; values in a supplied column cannot be blank,Data/conway_studies.csv,Usually n_pairs / n_participants,if supplied must be finite and at least 1 and match n_pairs / n_participants at rtol 1e-10 and atol 1e-12,Omit the column when package code should derive the exact ratio,ok
is_icu,ICU subgroup flag,Indicator that study row belongs to ICU subgroup,Used for subgroup-specific agreement estimates,boolean,n/a,0 or 1,0 = no | 1 = yes,blank invalid,Data/conway_studies.csv,Curated subgroup classification,must be boolean-like and non-missing,May overlap is_arf or is_lft; Conway flags are not mutually exclusive,ok
is_arf,Acute respiratory failure subgroup flag,Indicator that study row belongs to acute respiratory failure subgroup,Used for ED/inpatient subgroup estimates,boolean,n/a,0 or 1,0 = no | 1 = yes,blank invalid,Data/conway_studies.csv,Curated subgroup classification,must be boolean-like and non-missing,May overlap is_icu or is_lft; Conway flags are not mutually exclusive,ok
is_lft,Lung function test subgroup flag,Indicator that study row belongs to ambulatory/PFT subgroup,Used for ambulatory/PFT subgroup estimates,boolean,n/a,0 or 1,0 = no | 1 = yes,blank invalid,Data/conway_studies.csv,Curated subgroup classification,must be boolean-like and non-missing,May overlap is_icu or is_arf; Conway flags are not mutually exclusive,ok
group,Prior group,Clinical setting group for PaCO2 prior bins,Used by browser prior-weighted inference,string,n/a,pft | ed_inp | icu | all,all = overall | pft = ambulatory/PFT | ed_inp = ED/inpatient | icu = ICU,blank invalid,Data/paco2_public_prior.csv,Whitespace stripped and lowercased,normalized labels must collectively contain exactly pft ed_inp icu and all with no missing or extra groups,Exact counts intentionally omitted,ok
paco2_bin,PaCO2 bin,Public-prior support value or inclusive lower edge for conditional curves,Used as prior support or the lower edge of a half-open conditional display bin,numeric,mmHg,positive finite for prior support; finite for conditional lower edge,n/a,blank invalid,Data/paco2_public_prior.csv or conditional classification workflow,Binned from restricted local PaCO2 distribution,prior supports must be finite and positive with no hard upper cutoff; conditional lower edges must be finite,Conditional truth is computed from unbinned values; public prior bins omit exact counts,ok
paco2_bin_upper,Conditional PaCO2 bin upper edge,Exclusive upper edge paired with the conditional output paco2_bin lower edge,Defines an explicit half-open display interval,numeric,mmHg,finite numeric greater than paco2_bin,n/a,blank invalid,Conditional classification workflow,Derived as paco2_bin plus bin width,must be finite and greater than paco2_bin,Truth and test probability are computed from unbinned values before aggregation,ok
weight,Prior weight,Normalized public prior weight for a group and PaCO2 bin,Used by prior-weighted browser inference,numeric,probability weight,nonnegative numeric,n/a,blank invalid,Data/paco2_public_prior.csv,Exact counts converted to normalized weights,must be nonnegative and group sums should be approximately 1,No count column should be added publicly,ok
study_table_upload,Study table upload,Optional browser upload replacing default Conway study table,CSV or XLSX supplied by user in browser,upload,n/a,CSV/XLSX with Conway schema,n/a,n/a,User local browser input,Parsed client-side and passed to Pyodide worker,must satisfy Conway study schema,Not transmitted to backend,ok
prior_bins_upload,Binned prior upload,Optional browser upload replacing default public PaCO2 prior,CSV or XLSX supplied by user in browser,upload,mmHg/probability,columns group paco2_bin weight,n/a,n/a,User local browser input,Parsed client-side and passed to Pyodide worker,paco2_bin supports finite and positive; weights nonnegative; required columns present,Not transmitted to backend,ok
tcco2,TcCO2 input,Observed transcutaneous CO2 value entered in the app,Main scalar input for posterior inference,numeric,mmHg,number >= 0,n/a,blank invalid,User browser input,Passed to Python model in Pyodide,must be numeric and nonnegative,Research-only input; not persisted,ok
threshold,Hypercapnia threshold,PaCO2 threshold used for posterior mass and TcCO2 classification,App scalar input,numeric,mmHg,finite numeric > 0,n/a,blank invalid,User browser input,Passed to Python model in Pyodide,must be finite and strictly positive,Default 45 mmHg,ok
paco2,PaCO2 observation,Retained arterial carbon dioxide value,Input to distribution simulation conditional and two-stage calculations,numeric,mmHg,finite numeric > 0,n/a,genuine missing source rows dropped before retained-row validation,Restricted source distribution or caller input,Source rows retained after genuine missing values are excluded,must be finite and strictly positive with no hard upper cutoff,Malformed infinite zero or negative retained values fail closed,ok
paco2_distribution.subgroup,Prepared PaCO2 subgroup,Mutually exclusive record-level subgroup label,Used when a caller supplies already prepared PaCO2 rows,string,n/a,pft | ed_inp | icu,pft = ambulatory/PFT | ed_inp = ED/inpatient | icu = ICU,blank invalid on retained rows,Prepared caller input,Whitespace stripped and lowercased after genuinely missing PaCO2 rows are dropped,each retained label must be nonmissing and one of pft ed_inp or icu,all is reserved for pooled priors and is invalid as a record label,ok
is_amb,Ambulatory assignment flag,Raw indicator for ambulatory or lung-function-test records,Used to assign the pft record group,numeric,n/a,0 or 1,0 = no | 1 = yes,genuine missing becomes 0,Restricted source distribution,Used by mutually exclusive subgroup assignment,each nonmissing value must be numeric binary 0/1,Nonnumeric and nonbinary values fail closed,ok
is_emer,Emergency assignment flag,Raw indicator for emergency-department records,Used to assign the ed_inp record group,numeric,n/a,0 or 1,0 = no | 1 = yes,genuine missing becomes 0,Restricted source distribution,Used by mutually exclusive subgroup assignment,each nonmissing value must be numeric binary 0/1,Nonnumeric and nonbinary values fail closed,ok
is_inp,Inpatient assignment flag,Raw indicator for inpatient records,Used to assign the icu or ed_inp record group,numeric,n/a,0 or 1,0 = no | 1 = yes,genuine missing becomes 0,Restricted source distribution,Used by mutually exclusive subgroup assignment,each nonmissing value must be numeric binary 0/1,Nonnumeric and nonbinary values fail closed,ok
cc_time,Critical-care timing flag,Raw indicator for critical-care timing,Used with inpatient status to assign the icu record group,numeric,n/a,0 or 1,0 = no | 1 = yes,genuine missing becomes 0,Restricted source distribution,Used by mutually exclusive subgroup assignment,each nonmissing value must be numeric binary 0/1,Nonnumeric and nonbinary values fail closed,ok
lower,Lower two-stage zone boundary,Lower TcCO2 boundary of the two-stage reflex zone,TwoStagePolicy scalar input,numeric,mmHg,finite numeric,n/a,blank invalid,Caller-supplied policy,Passed directly to the two-stage model,must be finite and less than upper,May be negative,ok
upper,Upper two-stage zone boundary,Upper TcCO2 boundary of the two-stage reflex zone,TwoStagePolicy scalar input,numeric,mmHg,finite numeric,n/a,blank invalid,Caller-supplied policy,Passed directly to the two-stage model,must be finite and greater than lower,May be negative,ok
true_threshold,Two-stage truth threshold,PaCO2 threshold defining true hypercapnia in the two-stage model,TwoStagePolicy scalar input,numeric,mmHg,finite numeric > 0,n/a,blank invalid,Caller-supplied policy,Passed directly to the two-stage model,must be finite and strictly positive,No hard upper cutoff,ok
subgroup,Clinical setting selector,App setting used to choose subgroup model/prior,Controls subgroup-specific inference,string,n/a,all | pft | ed_inp | icu,all = overall | pft = ambulatory/PFT | ed_inp = ED/inpatient | icu = ICU,blank invalid,User browser input,Maps to model subgroup selection,must be one of supported values,Shown as All Ambulatory/PFT ED/Inpatient ICU,ok
requested_group,Requested parameter group,PaCO2 setting requested by a downstream calculation,Records parameter-routing provenance,string,n/a,all | pft | ed_inp | icu | caller-supplied subgroup,n/a,blank invalid,Simulation inference browser conditional and manuscript workflows,Copied from the requested analysis subgroup,must be present on routed downstream rows,Grouped parameter inputs fail closed when the mapped group is absent,ok
parameter_group_used,Parameter group used,Parameter group actually used by a downstream calculation,Records parameter-routing provenance,string,n/a,selected group label | single_model,n/a,blank invalid,Simulation inference browser conditional and manuscript workflows,Resolved from requested_group or an explicit main fallback,must name the selected parameter group and never silently combine grouped rows,Canonical values are main lft arf icu; direct custom labels are retained; ungrouped models use single_model,ok
artifacts/bootstrap_params.csv,Bootstrap parameter artifact,Canonical corrected-provisional bootstrap parameter draws used for responsive browser defaults,Aggregate generated artifact,CSV,n/a,group replicate studies delta sigma2 tau2 sd_total loa_l loa_u bootstrap_mode agreement_method_version results_status,n/a,n/a,scripts/rebuild_artifacts.py --profile public-agreement,Generated only under the locked canonical CSV seed 202401 n-boot 1000 cluster_plus_withinstudy contract,must contain one current method revision and provisional status and stage byte-identically,Staged into web app by make stage-web,ok
artifacts/STATUS.md,Artifact status manifest,Authoritative manifest of corrected-provisional and frozen legacy-method artifacts plus canonical promotion settings,Repository documentation,Markdown,n/a,corrected-provisional | frozen legacy-method,n/a,n/a,Repository-authored governance and validation documentation,Hand-updated for each intentional method or promotion-contract change,must match code constants and enumerate the five promotion artifacts,Controls current-result promotion and release claims,ok
artifacts/manuscript_table1.csv,Classification metrics artifact,Frozen legacy-method operating characteristics by clinical setting,Small review/manuscript output,CSV,n/a,columns documented by reporting workflow,n/a,n/a,scripts/rebuild_artifacts.py --profile full,Generated aggregate table,keep frozen pending corrected downstream rebuild and governance review,Do not describe as corrected or submission-ready,needs_review
artifacts/manuscript_table2_two_stage.csv,Two-stage metrics artifact,Frozen legacy-method two-stage strategy outputs,Small review/manuscript output,CSV,n/a,columns documented by reporting workflow,n/a,n/a,scripts/rebuild_artifacts.py --profile full,Generated aggregate table,keep frozen pending corrected downstream rebuild and governance review,Do not describe as corrected or submission-ready,needs_review
artifacts/manuscript_table3_prediction_intervals.csv,Prediction interval artifact,Frozen legacy-method TcCO2-to-PaCO2 prediction interval examples,Small review/manuscript output,CSV,mmHg/probability,columns documented by reporting workflow,n/a,n/a,scripts/rebuild_artifacts.py --profile full,Generated aggregate table,keep frozen pending corrected downstream rebuild and governance review,Do not describe as corrected or submission-ready,needs_review
Data/in_silico_tcco2_db.dta,Restricted local PaCO2 distribution,Local restricted source distribution used for full artifact rebuilds,Restricted local-only Stata dataset,file,n/a,n/a,n/a,n/a,Local TriNetX/EHR-derived source,Used by private rebuild_artifacts workflows when available,must not be tracked,Exact row/count-bearing source data,ok
Data/In Silico TCCO2 Database.dta,Restricted local PaCO2 distribution alternate name,Alternate local filename for restricted source distribution,Restricted local-only Stata dataset,file,n/a,n/a,n/a,n/a,Local TriNetX/EHR-derived source,Used by private rebuild_artifacts workflows when available,must not be tracked,Exact row/count-bearing source data,ok
Data/paco2_prior_bins.csv,Exact prior bins,Exact count-bearing PaCO2 prior bin output,Restricted/generated local-only artifact,CSV,mmHg/counts,n/a,n/a,n/a,scripts/build_paco2_prior_bins.py,Generated from restricted local PaCO2 distribution,must not be tracked unless explicitly approved,Public app uses weight-only paco2_public_prior.csv instead,ok
artifacts/figure_paco2_distribution_bins.csv,Exact distribution figure data,Exact count-bearing PaCO2 distribution figure-data output,Restricted/generated local-only artifact,CSV,mmHg/counts,n/a,n/a,n/a,scripts/rebuild_artifacts.py,Generated from restricted local PaCO2 distribution,must not be tracked unless explicitly approved,Exact counts may reveal restricted source distribution,ok
web/assets/data,Staged app data assets,Generated copy of canonical data for GitHub Pages deployment,Generated directory,directory,n/a,n/a,n/a,n/a,make stage-web,Copied from Data and artifacts into web assets,must be generated not hand-edited,Ignored in git and uploaded by Pages workflow,ok
web/assets/py,Staged app Python assets,Generated browser allowlist copy of Python package for Pyodide,Generated directory,directory,n/a,n/a,n/a,n/a,make stage-web,Copied from src/tcco2_accuracy into web assets,must be generated not hand-edited,Ignored in git and uploaded by Pages workflow,ok
