group,paco2_bin,weight
all,3.0,5.058220113506459e-06
all,4.0,1.517466034051938e-05
all,5.0,1.011644022701292e-05
all,6.0,2.0232880454025837e-05
all,7.0,6.575686147558397e-05
all,8.0,0.0001163390626106
all,9.0,0.0001820959240862
all,10.0,0.0002124452447672
all,11.0,0.0003389007476049
all,12.0,0.0004451233699885
all,13.0,0.0005614624325992
all,14.0,0.0007132090360044
all,15.0,0.0007030925957773
all,16.0,0.0013454865501927
all,17.0,0.0015478153547329
all,18.0,0.0020839866867646
all,19.0,0.0023065483717589
all,20.0,0.0041983226942103
all,21.0,0.0037279082236542
all,22.0,0.0056854394075812
all,23.0,0.00594340863337
all,24.0,0.0085129844510313
all,25.0,0.0093627654301004
all,26.0,0.0126910742647877
all,27.0,0.0132019544962518
all,28.0,0.0179364485224939
all,29.0,0.0180730204655585
all,30.0,0.0236572954708697
all,31.0,0.0230654837175894
all,32.0,0.0319628928972473
all,33.0,0.0320741737397444
all,34.0,0.0403140143046464
all,35.0,0.0388623051320701
all,36.0,0.0468340600309563
all,37.0,0.043905350585236
all,38.0,0.0499701565013303
all,39.0,0.045453165939969
all,40.0,0.0476130259284363
all,41.0,0.0420287509231251
all,42.0,0.0430454531659399
all,43.0,0.0361814484719117
all,44.0,0.0361814484719117
all,45.0,0.0294388410606075
all,46.0,0.0292567451365213
all,47.0,0.023111007698611
all,48.0,0.0232172303209946
all,49.0,0.0179060992018128
all,50.0,0.0175874313346619
all,51.0,0.0137937662495321
all,52.0,0.0136015538852188
all,53.0,0.0112241904318708
all,54.0,0.0105312142763204
all,55.0,0.0084219364889882
all,56.0,0.0082196076844479
all,57.0,0.0064947546257422
all,58.0,0.0064846381855152
all,59.0,0.0056803811874677
all,60.0,0.005493227043268
all,61.0,0.0047496686865825
all,62.0,0.0047496686865825
all,63.0,0.003935295248308
all,64.0,0.0038391890661514
all,65.0,0.003156329350828
all,66.0,0.0032979595140062
all,67.0,0.002766846402088
all,68.0,0.0030399902882173
all,69.0,0.0025544011573207
all,70.0,0.0025291100567532
all,71.0,0.0022003257493753
all,72.0,0.0022306750700563
all,73.0,0.0019625894040405
all,74.0,0.0018310756810893
all,75.0,0.0017450859391597
all,76.0,0.001618630436322
all,77.0,0.001608513996095
all,78.0,0.0014011269714412
all,79.0,0.0013353701099657
all,80.0,0.0013606612105332
all,81.0,0.0012139728272415
all,82.0,0.0011583324059929
all,83.0,0.0011836235065605
all,84.0,0.0011279830853119
all,85.0,0.0010672844439498
all,86.0,0.0009762364819067
all,87.0,0.0009054214003176
all,88.0,0.0009560036014527
all,89.0,0.0009205960606581
all,90.0,0.000839664538842
all,91.0,0.0007081508158909
all,92.0,0.0007081508158909
all,93.0,0.0006019281935072
all,94.0,0.0005816953130532
all,95.0,0.0006525103946423
all,96.0,0.0006373357343018
all,97.0,0.0004653562504425
all,98.0,0.0005108802314641
all,99.0,0.0004805309107831
all,100.0,0.000460298030329
all,101.0,0.0003085514269238
all,102.0,0.0003338425274914
all,103.0,0.0003793665085129
all,104.0,0.0003034932068103
all,105.0,0.0003136096470374
all,106.0,0.0002731438861293
all,107.0,0.0002225616849942
all,108.0,0.0002377363453348
all,109.0,0.0001922123643132
all,110.0,0.0002630274459023
all,111.0,0.0002073870246537
all,112.0,0.0001871541441997
all,113.0,0.0001922123643132
all,114.0,0.0001871541441997
all,115.0,0.0001871541441997
all,116.0,0.0002023288045402
all,117.0,0.0001112808424971
all,118.0,0.0001719794838592
all,119.0,0.0001820959240862
all,120.0,0.0001618630436322
all,121.0,0.0001669212637457
all,122.0,0.0001062226223836
all,123.0,0.0001264555028376
all,124.0,0.0001517466034051
all,125.0,0.0001618630436322
all,126.0,8.093152181610335e-05
all,127.0,0.0001011644022701
all,128.0,9.104796204311628e-05
all,129.0,0.0001112808424971
all,130.0,0.0001517466034051
all,131.0,9.104796204311628e-05
all,132.0,9.610618215662272e-05
all,133.0,7.587330170259689e-05
all,134.0,4.0465760908051675e-05
all,135.0,0.0001163390626106
all,136.0,8.093152181610335e-05
all,137.0,5.0582201135064595e-05
all,138.0,7.081508158909043e-05
all,139.0,7.587330170259689e-05
all,140.0,7.587330170259689e-05
all,141.0,4.0465760908051675e-05
all,142.0,3.5407540794545215e-05
all,143.0,7.081508158909043e-05
all,144.0,6.069864136207751e-05
all,145.0,4.5523981021558135e-05
all,146.0,6.575686147558397e-05
all,147.0,8.598974192960981e-05
all,148.0,5.0582201135064595e-05
all,149.0,3.5407540794545215e-05
all,150.0,4.0465760908051675e-05
all,151.0,4.5523981021558135e-05
all,152.0,8.093152181610335e-05
all,153.0,9.610618215662272e-05
all,154.0,7.587330170259689e-05
all,155.0,8.093152181610335e-05
all,156.0,3.5407540794545215e-05
all,157.0,4.0465760908051675e-05
all,158.0,3.034932068103876e-05
all,159.0,4.5523981021558135e-05
all,160.0,7.081508158909043e-05
all,161.0,8.093152181610335e-05
all,162.0,4.5523981021558135e-05
all,163.0,4.0465760908051675e-05
all,164.0,3.5407540794545215e-05
all,165.0,3.034932068103876e-05
all,166.0,8.093152181610335e-05
all,167.0,5.5640421248571055e-05
all,168.0,5.0582201135064595e-05
all,169.0,2.5291100567532298e-05
all,170.0,4.5523981021558135e-05
all,171.0,3.5407540794545215e-05
all,172.0,3.5407540794545215e-05
all,173.0,5.5640421248571055e-05
all,174.0,3.034932068103876e-05
all,175.0,3.034932068103876e-05
all,176.0,2.5291100567532298e-05
all,177.0,3.034932068103876e-05
all,178.0,7.587330170259689e-05
all,179.0,3.5407540794545215e-05
all,180.0,4.5523981021558135e-05
all,181.0,2.0232880454025837e-05
all,182.0,2.5291100567532298e-05
all,183.0,2.0232880454025837e-05
all,184.0,4.5523981021558135e-05
all,185.0,3.5407540794545215e-05
all,186.0,2.5291100567532298e-05
all,187.0,5.0582201135064595e-05
all,188.0,3.5407540794545215e-05
all,189.0,2.5291100567532298e-05
all,190.0,1.517466034051938e-05
all,191.0,3.034932068103876e-05
all,192.0,5.0582201135064595e-05
all,193.0,3.034932068103876e-05
all,194.0,3.5407540794545215e-05
all,195.0,4.0465760908051675e-05
all,196.0,4.0465760908051675e-05
all,197.0,3.034932068103876e-05
all,198.0,2.5291100567532298e-05
all,199.0,3.034932068103876e-05
all,200.0,2.5291100567532298e-05
all,201.0,3.5407540794545215e-05
all,202.0,2.0232880454025837e-05
all,203.0,3.5407540794545215e-05
all,204.0,3.034932068103876e-05
all,205.0,1.011644022701292e-05
all,206.0,5.0582201135064595e-05
all,207.0,4.0465760908051675e-05
all,208.0,2.5291100567532298e-05
all,209.0,3.5407540794545215e-05
all,210.0,1.011644022701292e-05
all,211.0,2.5291100567532298e-05
all,212.0,2.5291100567532298e-05
all,213.0,2.5291100567532298e-05
all,214.0,1.011644022701292e-05
all,215.0,2.5291100567532298e-05
all,216.0,1.517466034051938e-05
all,217.0,1.517466034051938e-05
all,218.0,2.5291100567532298e-05
all,219.0,2.5291100567532298e-05
all,220.0,4.0465760908051675e-05
all,221.0,2.0232880454025837e-05
all,222.0,1.011644022701292e-05
all,223.0,5.058220113506459e-06
all,224.0,2.5291100567532298e-05
all,225.0,2.5291100567532298e-05
all,226.0,1.517466034051938e-05
all,227.0,2.0232880454025837e-05
all,228.0,5.058220113506459e-06
all,229.0,2.0232880454025837e-05
all,230.0,2.0232880454025837e-05
all,231.0,1.011644022701292e-05
all,232.0,3.5407540794545215e-05
all,233.0,1.517466034051938e-05
all,234.0,2.0232880454025837e-05
all,235.0,2.0232880454025837e-05
all,236.0,2.0232880454025837e-05
all,237.0,1.517466034051938e-05
all,238.0,1.517466034051938e-05
all,239.0,1.517466034051938e-05
all,240.0,3.034932068103876e-05
all,241.0,3.034932068103876e-05
all,244.0,1.517466034051938e-05
all,245.0,2.5291100567532298e-05
all,246.0,1.517466034051938e-05
all,247.0,1.011644022701292e-05
all,248.0,1.011644022701292e-05
all,249.0,1.517466034051938e-05
ed_inp,3.0,8.296138976920141e-06
ed_inp,4.0,2.4888416930760424e-05
ed_inp,5.0,1.6592277953840282e-05
ed_inp,6.0,3.3184555907680565e-05
ed_inp,7.0,7.466525079228127e-05
ed_inp,8.0,0.0001244420846538
ed_inp,9.0,0.0001742189185153
ed_inp,10.0,0.000207403474423
ed_inp,11.0,0.0002654764472614
ed_inp,12.0,0.0003152532811229
ed_inp,13.0,0.0004894721996382
ed_inp,14.0,0.0006056181453151
ed_inp,15.0,0.0005309528945228
ed_inp,16.0,0.0010784980669996
ed_inp,17.0,0.0012361247075611
ed_inp,18.0,0.0018749274087839
ed_inp,19.0,0.0021238115780915
ed_inp,20.0,0.0042725115731138
ed_inp,21.0,0.0031276443942988
ed_inp,22.0,0.0053510096401134
ed_inp,23.0,0.0051436061656904
ed_inp,24.0,0.0078315551942126
ed_inp,25.0,0.0082878428379432
ed_inp,26.0,0.0119796246826726
ed_inp,27.0,0.011946440126765
ed_inp,28.0,0.0168909389570094
ed_inp,29.0,0.0166752393436094
ed_inp,30.0,0.0223746868207536
ed_inp,31.0,0.0212547080588694
ed_inp,32.0,0.0302560188488277
ed_inp,33.0,0.0314589590004811
ed_inp,34.0,0.0396472481707013
ed_inp,35.0,0.0383862350462094
ed_inp,36.0,0.0471137732499294
ed_inp,37.0,0.0449484809769533
ed_inp,38.0,0.0518010917718893
ed_inp,39.0,0.0479433871476214
ed_inp,40.0,0.0497934261394746
ed_inp,41.0,0.0448157427533226
ed_inp,42.0,0.0454711377324992
ed_inp,43.0,0.0389752609135708
ed_inp,44.0,0.0384857887139325
ed_inp,45.0,0.031060744329589
ed_inp,46.0,0.0316248817800195
ed_inp,47.0,0.0243989447311221
ed_inp,48.0,0.0244902022598682
ed_inp,49.0,0.0192968192603162
ed_inp,50.0,0.0185750551693241
ed_inp,51.0,0.0148832733245947
ed_inp,52.0,0.0146758698501717
ed_inp,53.0,0.0119215517098342
ed_inp,54.0,0.011008976422373
ed_inp,55.0,0.0086445768139507
ed_inp,56.0,0.0082629544210124
ed_inp,57.0,0.0066949841543745
ed_inp,58.0,0.0063880270122285
ed_inp,59.0,0.0058985548125902
ed_inp,60.0,0.0053510096401134
ed_inp,61.0,0.0042808077120907
ed_inp,62.0,0.0045877648542368
ed_inp,63.0,0.0038742969022217
ed_inp,64.0,0.0035092667872372
ed_inp,65.0,0.0028455756690836
ed_inp,66.0,0.0031276443942988
ed_inp,67.0,0.0024556571371683
ed_inp,68.0,0.0027294297234067
ed_inp,69.0,0.0022233652458145
ed_inp,70.0,0.0023146227745607
ed_inp,71.0,0.0018915196867377
ed_inp,72.0,0.00196618493753
ed_inp,73.0,0.0015679702666379
ed_inp,74.0,0.0014435281819841
ed_inp,75.0,0.0013356783752841
ed_inp,76.0,0.0011780517347226
ed_inp,77.0,0.0013107899583533
ed_inp,78.0,0.0010702019280226
ed_inp,79.0,0.0011116826229072
ed_inp,80.0,0.0009872405382534
ed_inp,81.0,0.0010038328162073
ed_inp,82.0,0.0008710945925766
ed_inp,83.0,0.0008959830095073
ed_inp,84.0,0.0008462061756458
ed_inp,85.0,0.0007051718130382
ed_inp,86.0,0.0006885795350843
ed_inp,87.0,0.0006388027012228
ed_inp,88.0,0.0007300602299689
ed_inp,89.0,0.0008047254807612
ed_inp,90.0,0.0006305065622459
ed_inp,91.0,0.0005226567555459
ed_inp,92.0,0.0004562876437306
ed_inp,93.0,0.0003235494200998
ed_inp,94.0,0.0004313992267998
ed_inp,95.0,0.0004231030878229
ed_inp,96.0,0.0005309528945228
ed_inp,97.0,0.0002571803082845
ed_inp,98.0,0.000414806948846
ed_inp,99.0,0.0003401416980537
ed_inp,100.0,0.0002820687252152
ed_inp,101.0,0.0002488841693076
ed_inp,102.0,0.0002156996133999
ed_inp,103.0,0.0002654764472614
ed_inp,104.0,0.0001742189185153
ed_inp,105.0,0.0002322918913537
ed_inp,106.0,0.0001576266405614
ed_inp,107.0,0.0001825150574922
ed_inp,108.0,0.0001659227795384
ed_inp,109.0,9.95536677230417e-05
ed_inp,110.0,0.0001742189185153
ed_inp,111.0,0.0001576266405614
ed_inp,112.0,0.0001244420846538
ed_inp,113.0,0.0001244420846538
ed_inp,114.0,0.0001078498066999
ed_inp,115.0,9.95536677230417e-05
ed_inp,116.0,0.0001161459456768
ed_inp,117.0,3.3184555907680565e-05
ed_inp,118.0,8.296138976920142e-05
ed_inp,119.0,0.0001244420846538
ed_inp,120.0,9.125752874612156e-05
ed_inp,121.0,8.296138976920142e-05
ed_inp,122.0,9.95536677230417e-05
ed_inp,123.0,6.636911181536113e-05
ed_inp,124.0,9.125752874612156e-05
ed_inp,125.0,9.125752874612156e-05
ed_inp,126.0,4.977683386152085e-05
ed_inp,127.0,4.148069488460071e-05
ed_inp,128.0,7.466525079228127e-05
ed_inp,129.0,1.6592277953840282e-05
ed_inp,130.0,7.466525079228127e-05
ed_inp,131.0,4.977683386152085e-05
ed_inp,132.0,4.148069488460071e-05
ed_inp,133.0,1.6592277953840282e-05
ed_inp,135.0,2.4888416930760424e-05
ed_inp,136.0,3.3184555907680565e-05
ed_inp,138.0,1.6592277953840282e-05
ed_inp,139.0,2.4888416930760424e-05
ed_inp,140.0,4.148069488460071e-05
ed_inp,142.0,2.4888416930760424e-05
ed_inp,143.0,2.4888416930760424e-05
ed_inp,144.0,1.6592277953840282e-05
ed_inp,145.0,8.296138976920141e-06
ed_inp,146.0,1.6592277953840282e-05
ed_inp,147.0,4.977683386152085e-05
ed_inp,148.0,3.3184555907680565e-05
ed_inp,150.0,2.4888416930760424e-05
ed_inp,152.0,4.977683386152085e-05
ed_inp,153.0,4.977683386152085e-05
ed_inp,154.0,3.3184555907680565e-05
ed_inp,155.0,3.3184555907680565e-05
ed_inp,156.0,1.6592277953840282e-05
ed_inp,157.0,2.4888416930760424e-05
ed_inp,158.0,1.6592277953840282e-05
ed_inp,159.0,4.977683386152085e-05
ed_inp,160.0,1.6592277953840282e-05
ed_inp,161.0,4.977683386152085e-05
ed_inp,162.0,1.6592277953840282e-05
ed_inp,163.0,8.296138976920141e-06
ed_inp,164.0,2.4888416930760424e-05
ed_inp,166.0,2.4888416930760424e-05
ed_inp,167.0,3.3184555907680565e-05
ed_inp,168.0,3.3184555907680565e-05
ed_inp,169.0,8.296138976920141e-06
ed_inp,170.0,1.6592277953840282e-05
ed_inp,171.0,1.6592277953840282e-05
ed_inp,172.0,1.6592277953840282e-05
ed_inp,173.0,2.4888416930760424e-05
ed_inp,174.0,1.6592277953840282e-05
ed_inp,176.0,8.296138976920141e-06
ed_inp,177.0,1.6592277953840282e-05
ed_inp,178.0,3.3184555907680565e-05
ed_inp,179.0,2.4888416930760424e-05
ed_inp,180.0,8.296138976920141e-06
ed_inp,181.0,8.296138976920141e-06
ed_inp,182.0,1.6592277953840282e-05
ed_inp,183.0,8.296138976920141e-06
ed_inp,184.0,4.977683386152085e-05
ed_inp,185.0,1.6592277953840282e-05
ed_inp,186.0,2.4888416930760424e-05
ed_inp,187.0,8.296138976920141e-06
ed_inp,188.0,1.6592277953840282e-05
ed_inp,189.0,2.4888416930760424e-05
ed_inp,190.0,8.296138976920141e-06
ed_inp,191.0,1.6592277953840282e-05
ed_inp,192.0,4.977683386152085e-05
ed_inp,193.0,1.6592277953840282e-05
ed_inp,194.0,1.6592277953840282e-05
ed_inp,195.0,2.4888416930760424e-05
ed_inp,197.0,1.6592277953840282e-05
ed_inp,198.0,1.6592277953840282e-05
ed_inp,199.0,8.296138976920141e-06
ed_inp,200.0,1.6592277953840282e-05
ed_inp,201.0,3.3184555907680565e-05
ed_inp,202.0,1.6592277953840282e-05
ed_inp,203.0,8.296138976920141e-06
ed_inp,204.0,1.6592277953840282e-05
ed_inp,205.0,1.6592277953840282e-05
ed_inp,206.0,4.148069488460071e-05
ed_inp,207.0,4.148069488460071e-05
ed_inp,208.0,1.6592277953840282e-05
ed_inp,209.0,3.3184555907680565e-05
ed_inp,210.0,8.296138976920141e-06
ed_inp,211.0,2.4888416930760424e-05
ed_inp,212.0,2.4888416930760424e-05
ed_inp,213.0,1.6592277953840282e-05
ed_inp,214.0,8.296138976920141e-06
ed_inp,215.0,1.6592277953840282e-05
ed_inp,218.0,1.6592277953840282e-05
ed_inp,219.0,1.6592277953840282e-05
ed_inp,220.0,1.6592277953840282e-05
ed_inp,221.0,1.6592277953840282e-05
ed_inp,223.0,8.296138976920141e-06
ed_inp,224.0,1.6592277953840282e-05
ed_inp,225.0,8.296138976920141e-06
ed_inp,226.0,1.6592277953840282e-05
ed_inp,227.0,8.296138976920141e-06
ed_inp,232.0,1.6592277953840282e-05
ed_inp,234.0,8.296138976920141e-06
ed_inp,235.0,2.4888416930760424e-05
ed_inp,237.0,8.296138976920141e-06
ed_inp,238.0,2.4888416930760424e-05
ed_inp,240.0,3.3184555907680565e-05
ed_inp,241.0,1.6592277953840282e-05
ed_inp,244.0,8.296138976920141e-06
ed_inp,245.0,8.296138976920141e-06
ed_inp,246.0,1.6592277953840282e-05
ed_inp,247.0,8.296138976920141e-06
ed_inp,248.0,8.296138976920141e-06
ed_inp,249.0,1.6592277953840282e-05
icu,7.0,5.996641880546894e-05
icu,8.0,0.0001199328376109
icu,9.0,0.0002248740705205
icu,10.0,0.0002548572799232
icu,11.0,0.0005097145598464
icu,12.0,0.0007495802350683
icu,13.0,0.000779563444471
icu,14.0,0.0010194291196929
icu,15.0,0.0010943871431998
icu,16.0,0.0020238666346845
icu,17.0,0.0022937155193091
icu,18.0,0.0027434636603502
icu,19.0,0.0029383545214679
icu,20.0,0.0043625569680978
icu,21.0,0.0051121372031662
icu,22.0,0.0067762053250179
icu,23.0,0.0079005756776205
icu,24.0,0.0104191652674502
icu,25.0,0.0116634684576637
icu,26.0,0.014901655073159
icu,27.0,0.0163108659150875
icu,28.0,0.0207333893019908
icu,29.0,0.0211831374430319
icu,30.0,0.0265651235308227
icu,31.0,0.0265501319261213
icu,32.0,0.0353502038858239
icu,33.0,0.0333863036699448
icu,34.0,0.0415117534180858
icu,35.0,0.0393229791316862
icu,36.0,0.0451397217558167
icu,37.0,0.0408071479971216
icu,38.0,0.0449148476852962
icu,39.0,0.0394279203645958
icu,40.0,0.0414967618133845
icu,41.0,0.0354851283281362
icu,42.0,0.0367594147277524
icu,43.0,0.0297283521228112
icu,44.0,0.0300581674262413
icu,45.0,0.0256356440393379
icu,46.0,0.0243613576397217
icu,47.0,0.0201786999280403
icu,48.0,0.0203885823938594
icu,49.0,0.0154713360518109
icu,50.0,0.0160260254257615
icu,51.0,0.0118283761093787
icu,52.0,0.0119333173422883
icu,53.0,0.0099844087311105
icu,54.0,0.0097895178699928
icu,55.0,0.0079005756776205
icu,56.0,0.0082453825857519
icu,57.0,0.006371431998081
icu,58.0,0.0068061885344207
icu,59.0,0.0055319021348045
icu,60.0,0.0059516670664427
icu,61.0,0.0057867594147277
icu,62.0,0.005307028064284
icu,63.0,0.0043025905492923
icu,64.0,0.004572439433917
icu,65.0,0.0037329095706404
icu,66.0,0.0038078675941472
icu,67.0,0.0035829935236267
icu,68.0,0.0039877668505636
icu,69.0,0.0033581194531062
icu,70.0,0.003103262173183
icu,71.0,0.0029683377308707
icu,72.0,0.0028933797073638
icu,73.0,0.0029233629167666
icu,74.0,0.0027134804509474
icu,75.0,0.0026385224274406
icu,76.0,0.0025785560086351
icu,77.0,0.0023087071240105
icu,78.0,0.0021887742863996
icu,79.0,0.0019339170064763
icu,80.0,0.0022037658911009
icu,81.0,0.0017090429359558
icu,82.0,0.0017540177500599
icu,83.0,0.0018139841688654
icu,84.0,0.001798992564164
icu,85.0,0.0018739505876709
icu,86.0,0.0016190933077476
icu,87.0,0.001514152074838
icu,88.0,0.0014841688654353
icu,89.0,0.0012742863996162
icu,90.0,0.001349244423123
icu,91.0,0.0011393619573039
icu,92.0,0.0012742863996162
icu,93.0,0.0011693451667066
icu,94.0,0.0009144878867834
icu,95.0,0.0011693451667066
icu,96.0,0.0009144878867834
icu,97.0,0.000899496282082
icu,98.0,0.0007495802350683
icu,99.0,0.0008095466538738
icu,100.0,0.0008395298632765
icu,101.0,0.0004647397457423
icu,102.0,0.0005696809786519
icu,103.0,0.0006446390021587
icu,104.0,0.0005846725833533
icu,105.0,0.0005097145598464
icu,106.0,0.0005247061645478
icu,107.0,0.00032981530343
icu,108.0,0.0003897817222355
icu,109.0,0.0003747901175341
icu,110.0,0.0004647397457423
icu,111.0,0.00032981530343
icu,112.0,0.00032981530343
icu,113.0,0.0003448069081314
icu,114.0,0.0003597985128328
icu,115.0,0.0003747901175341
icu,116.0,0.0003897817222355
icu,117.0,0.0002698488846246
icu,118.0,0.0003597985128328
icu,119.0,0.0003148236987287
icu,120.0,0.0003148236987287
icu,121.0,0.0003448069081314
icu,122.0,0.0001349244423123
icu,123.0,0.0002548572799232
icu,124.0,0.0002848404893259
icu,125.0,0.0003148236987287
icu,126.0,0.0001199328376109
icu,127.0,0.0002248740705205
icu,128.0,0.0001349244423123
icu,129.0,0.0002998320940273
icu,130.0,0.0003148236987287
icu,131.0,0.0001798992564164
icu,132.0,0.0002098824658191
icu,133.0,0.0001948908611177
icu,134.0,0.0001199328376109
icu,135.0,0.0002998320940273
icu,136.0,0.0001798992564164
icu,137.0,0.0001499160470136
icu,138.0,0.0001798992564164
icu,139.0,0.0001798992564164
icu,140.0,0.0001499160470136
icu,141.0,0.0001199328376109
icu,142.0,5.996641880546894e-05
icu,143.0,0.000164907651715
icu,144.0,0.0001499160470136
icu,145.0,0.0001199328376109
icu,146.0,0.000164907651715
icu,147.0,0.000164907651715
icu,148.0,8.994962820820341e-05
icu,149.0,0.0001049412329095
icu,150.0,7.495802350683618e-05
icu,151.0,0.0001349244423123
icu,152.0,0.0001499160470136
icu,153.0,0.0001948908611177
icu,154.0,0.000164907651715
icu,155.0,0.0001798992564164
icu,156.0,7.495802350683618e-05
icu,157.0,7.495802350683618e-05
icu,158.0,5.996641880546894e-05
icu,159.0,4.4974814104101705e-05
icu,160.0,0.0001798992564164
icu,161.0,0.0001499160470136
icu,162.0,0.0001049412329095
icu,163.0,0.0001049412329095
icu,164.0,5.996641880546894e-05
icu,165.0,8.994962820820341e-05
icu,166.0,0.0001948908611177
icu,167.0,0.0001049412329095
icu,168.0,8.994962820820341e-05
icu,169.0,5.996641880546894e-05
icu,170.0,0.0001049412329095
icu,171.0,7.495802350683618e-05
icu,172.0,7.495802350683618e-05
icu,173.0,0.0001199328376109
icu,174.0,5.996641880546894e-05
icu,175.0,8.994962820820341e-05
icu,176.0,5.996641880546894e-05
icu,177.0,5.996641880546894e-05
icu,178.0,0.000164907651715
icu,179.0,5.996641880546894e-05
icu,180.0,0.0001199328376109
icu,181.0,4.4974814104101705e-05
icu,182.0,4.4974814104101705e-05
icu,183.0,4.4974814104101705e-05
icu,184.0,4.4974814104101705e-05
icu,185.0,7.495802350683618e-05
icu,186.0,2.998320940273447e-05
icu,187.0,0.0001199328376109
icu,188.0,5.996641880546894e-05
icu,189.0,2.998320940273447e-05
icu,190.0,2.998320940273447e-05
icu,191.0,5.996641880546894e-05
icu,192.0,5.996641880546894e-05
icu,193.0,5.996641880546894e-05
icu,194.0,7.495802350683618e-05
icu,195.0,7.495802350683618e-05
icu,196.0,0.0001199328376109
icu,197.0,5.996641880546894e-05
icu,198.0,4.4974814104101705e-05
icu,199.0,7.495802350683618e-05
icu,200.0,4.4974814104101705e-05
icu,201.0,4.4974814104101705e-05
icu,202.0,2.998320940273447e-05
icu,203.0,8.994962820820341e-05
icu,204.0,5.996641880546894e-05
icu,206.0,7.495802350683618e-05
icu,207.0,4.4974814104101705e-05
icu,208.0,4.4974814104101705e-05
icu,209.0,4.4974814104101705e-05
icu,210.0,1.4991604701367234e-05
icu,211.0,2.998320940273447e-05
icu,212.0,2.998320940273447e-05
icu,213.0,4.4974814104101705e-05
icu,214.0,1.4991604701367234e-05
icu,215.0,4.4974814104101705e-05
icu,216.0,2.998320940273447e-05
icu,217.0,4.4974814104101705e-05
icu,218.0,4.4974814104101705e-05
icu,219.0,4.4974814104101705e-05
icu,220.0,8.994962820820341e-05
icu,221.0,2.998320940273447e-05
icu,222.0,2.998320940273447e-05
icu,224.0,4.4974814104101705e-05
icu,225.0,5.996641880546894e-05
icu,226.0,1.4991604701367234e-05
icu,227.0,4.4974814104101705e-05
icu,228.0,1.4991604701367234e-05
icu,229.0,5.996641880546894e-05
icu,230.0,5.996641880546894e-05
icu,231.0,2.998320940273447e-05
icu,232.0,7.495802350683618e-05
icu,233.0,4.4974814104101705e-05
icu,234.0,4.4974814104101705e-05
icu,235.0,1.4991604701367234e-05
icu,236.0,5.996641880546894e-05
icu,237.0,2.998320940273447e-05
icu,239.0,4.4974814104101705e-05
icu,240.0,2.998320940273447e-05
icu,241.0,5.996641880546894e-05
icu,244.0,2.998320940273447e-05
icu,245.0,5.996641880546894e-05
icu,246.0,1.4991604701367234e-05
icu,247.0,1.4991604701367234e-05
icu,248.0,1.4991604701367234e-05
icu,249.0,1.4991604701367234e-05
pft,11.0,9.56388676358072e-05
pft,15.0,0.0001912777352716
pft,16.0,9.56388676358072e-05
pft,17.0,0.0003825554705432
pft,18.0,0.0002869166029074
pft,19.0,0.0003825554705432
pft,20.0,0.0022953328232593
pft,21.0,0.0018171384850803
pft,22.0,0.0025822494261667
pft,23.0,0.0026778882938026
pft,24.0,0.0042081101759755
pft,25.0,0.0070772762050497
pft,26.0,0.0067903596021423
pft,27.0,0.0078423871461361
pft,28.0,0.0121461361897475
pft,29.0,0.014345830145371
pft,30.0,0.0198928844682478
pft,31.0,0.0217100229533282
pft,32.0,0.0300306044376434
pft,33.0,0.0307957153787299
pft,34.0,0.0403596021423106
pft,35.0,0.0414116296863045
pft,36.0,0.0544185156847742
pft,37.0,0.0516449885233358
pft,38.0,0.0611132364192808
pft,39.0,0.0551836266258607
pft,40.0,0.061495791889824
pft,41.0,0.0516449885233358
pft,42.0,0.0551836266258607
pft,43.0,0.045141545524101
pft,44.0,0.0486801836266258
pft,45.0,0.0350038255547054
pft,46.0,0.0331866870696251
pft,47.0,0.0269701606732976
pft,48.0,0.0265876052027544
pft,49.0,0.0174062739097169
pft,50.0,0.0161629686304514
pft,51.0,0.0137719969395562
pft,52.0,0.01185921958684
pft,53.0,0.0110941086457536
pft,54.0,0.0097551644988523
pft,55.0,0.0091813312930374
pft,56.0,0.0075554705432287
pft,57.0,0.0049732211170619
pft,58.0,0.0055470543228768
pft,59.0,0.0041124713083397
pft,60.0,0.0042081101759755
pft,61.0,0.0035386381025248
pft,62.0,0.0030604437643458
pft,63.0,0.0022953328232593
pft,64.0,0.00296480489671
pft,65.0,0.0030604437643458
pft,66.0,0.0020084162203519
pft,67.0,0.0011476664116296
pft,68.0,0.0005738332058148
pft,69.0,0.0012433052792654
pft,70.0,0.0013389441469013
pft,71.0,0.0008607498087222
pft,72.0,0.0010520275439938
pft,73.0,0.0003825554705432
pft,74.0,0.0006694720734506
pft,75.0,0.0007651109410864
pft,76.0,0.0005738332058148
pft,77.0,0.0005738332058148
pft,78.0,0.0001912777352716
pft,79.0,9.56388676358072e-05
pft,80.0,0.0002869166029074
pft,81.0,0.000478194338179
pft,82.0,0.0006694720734506
pft,83.0,0.000478194338179
pft,84.0,9.56388676358072e-05
pft,85.0,9.56388676358072e-05
pft,86.0,0.0001912777352716
pft,87.0,9.56388676358072e-05
pft,88.0,0.0001912777352716
pft,91.0,9.56388676358072e-05
pft,93.0,0.0001912777352716
pft,94.0,0.0001912777352716
pft,96.0,9.56388676358072e-05
pft,97.0,9.56388676358072e-05
pft,98.0,9.56388676358072e-05
pft,100.0,9.56388676358072e-05
pft,102.0,0.0001912777352716
pft,108.0,9.56388676358072e-05
pft,109.0,9.56388676358072e-05
pft,126.0,0.0001912777352716
pft,187.0,9.56388676358072e-05
pft,188.0,9.56388676358072e-05
pft,216.0,9.56388676358072e-05
