group,threshold,paco2_bin,count,weight,tn_q025,tn_q50,tn_q975,fp_q025,fp_q50,fp_q975,fn_q025,fn_q50,fn_q975,tp_q025,tp_q50,tp_q975
pft,45.0,11.0,1,9.563886763580719e-05,1.0,1.0,1.0,5.179758054595165e-113,3.0387768520928345e-71,3.124643830674232e-49,0.0,0.0,0.0,0.0,0.0,0.0
pft,45.0,15.0,2,0.00019127773527161438,1.0,1.0,1.0,1.6785256313376024e-88,5.391736060670401e-56,6.844767343956341e-39,0.0,0.0,0.0,0.0,0.0,0.0
pft,45.0,16.0,1,9.563886763580719e-05,1.0,1.0,1.0,1.1627968253342918e-82,1.8710270365239587e-52,1.6261311188947967e-36,0.0,0.0,0.0,0.0,0.0,0.0
pft,45.0,17.0,4,0.00038255547054322876,1.0,1.0,1.0,5.056453045113905e-77,4.569577846465992e-49,3.2166749829643744e-34,0.0,0.0,0.0,0.0,0.0,0.0
pft,45.0,18.0,3,0.0002869166029074216,1.0,1.0,1.0,8.236650732551224e-72,9.804055531806188e-46,5.312948917600699e-32,0.0,0.0,0.0,0.0,0.0,0.0
pft,45.0,19.0,4,0.00038255547054322876,1.0,1.0,1.0,6.01163902152609e-67,1.5299897468656012e-42,7.327044209843378e-30,0.0,0.0,0.0,0.0,0.0,0.0
pft,45.0,20.0,24,0.0022953328232593728,1.0,1.0,1.0,6.347255216197473e-62,1.9042150651318436e-39,8.444512537974733e-28,0.0,0.0,0.0,0.0,0.0,0.0
pft,45.0,21.0,19,0.0018171384850803366,1.0,1.0,1.0,5.050723525302897e-57,1.786085171839157e-36,8.136421617706054e-26,0.0,0.0,0.0,0.0,0.0,0.0
pft,45.0,22.0,27,0.002582249426166794,1.0,1.0,1.0,1.3059497887798085e-52,1.2821021788013376e-33,6.554464727094163e-24,0.0,0.0,0.0,0.0,0.0,0.0
pft,45.0,23.0,28,0.0026778882938026014,1.0,1.0,1.0,1.7723633877868982e-48,6.203733695559542e-31,4.276526714044722e-22,0.0,0.0,0.0,0.0,0.0,0.0
pft,45.0,24.0,44,0.004208110175975516,1.0,1.0,1.0,2.8522468665411654e-44,2.412686559243333e-28,2.2820900021713943e-20,0.0,0.0,0.0,0.0,0.0,0.0
pft,45.0,25.0,74,0.007077276205049732,1.0,1.0,1.0,2.0033368495481795e-40,6.783472131960114e-26,1.0236277072705905e-18,0.0,0.0,0.0,0.0,0.0,0.0
pft,45.0,26.0,71,0.006790359602142311,1.0,1.0,1.0,1.7172404964913693e-36,1.5127829700580464e-23,3.860010265106663e-17,0.0,0.0,0.0,0.0,0.0,0.0
pft,45.0,27.0,82,0.00784238714613619,0.9999999999999988,1.0,1.0,9.169622974146737e-33,2.6974837577574885e-21,1.223916339608033e-15,0.0,0.0,0.0,0.0,0.0,0.0
pft,45.0,28.0,127,0.012146136189747513,0.9999999999999674,1.0,1.0,2.591122096810382e-29,3.4383325798914692e-19,3.2614302110774386e-14,0.0,0.0,0.0,0.0,0.0,0.0
pft,45.0,29.0,150,0.014345830145371078,0.999999999999224,1.0,1.0,2.611485919901583e-26,3.2881593139534676e-17,7.759790723985537e-13,0.0,0.0,0.0,0.0,0.0,0.0
pft,45.0,30.0,208,0.019892884468247895,0.9999999999832013,0.9999999999999976,1.0,3.0933853224816636e-23,2.446534533963268e-15,1.6798698935961103e-11,0.0,0.0,0.0,0.0,0.0,0.0
pft,45.0,31.0,227,0.02171002295332823,0.9999999997161239,0.9999999999998587,1.0,2.3743960407169144e-20,1.412840501863709e-13,2.83876116124537e-10,0.0,0.0,0.0,0.0,0.0,0.0
pft,45.0,32.0,314,0.03003060443764346,0.9999999961956251,0.9999999999939841,1.0,8.10026210827632e-18,6.015911536046799e-12,3.804374854397117e-09,0.0,0.0,0.0,0.0,0.0,0.0
pft,45.0,33.0,322,0.030795715378729917,0.9999999547476515,0.9999999998013587,0.9999999999999986,1.4906346282448948e-15,1.9864138645585392e-10,4.525234849368977e-08,0.0,0.0,0.0,0.0,0.0,0.0
pft,45.0,34.0,422,0.04035960214231064,0.9999995359042861,0.9999999948941327,0.9999999999997145,2.8552125126599144e-13,5.105867219806595e-09,4.6409571386948254e-07,0.0,0.0,0.0,0.0,0.0,0.0
pft,45.0,35.0,433,0.04141162968630451,0.9999961393806481,0.9999998997555797,0.9999999999720555,2.7944523544583096e-11,1.0024442026490755e-07,3.8606193518775375e-06,0.0,0.0,0.0,0.0,0.0,0.0
pft,45.0,36.0,569,0.05441851568477429,0.9999730731454851,0.9999985003526662,0.9999999980361726,1.9638273813006792e-09,1.4996473337413589e-06,2.6926854514810927e-05,0.0,0.0,0.0,0.0,0.0,0.0
pft,45.0,37.0,540,0.051644988523335884,0.9998473038851169,0.9999834321471215,0.9999999273655218,7.263447815008333e-08,1.6567852878531226e-05,0.00015269611488305938,0.0,0.0,0.0,0.0,0.0,0.0
pft,45.0,38.0,639,0.0611132364192808,0.9992443801249624,0.9998542292431813,0.9999983628582922,1.6371417076944588e-06,0.00014577075681860657,0.0007556198750376012,0.0,0.0,0.0,0.0,0.0,0.0
pft,45.0,39.0,577,0.05518362662586075,0.9966678508745132,0.9990120728951091,0.9999732040086624,2.6795991337531592e-05,0.0009879271048909024,0.0033321491254867984,0.0,0.0,0.0,0.0,0.0,0.0
pft,45.0,40.0,643,0.06149579188982402,0.987926903562913,0.9947457963031694,0.9997050664636027,0.00029493353639731544,0.0052542036968305835,0.012073096437087047,0.0,0.0,0.0,0.0,0.0,0.0
pft,45.0,41.0,540,0.051644988523335884,0.9616007218594786,0.978463115856714,0.9979517177542123,0.0020482822457876582,0.021536884143285997,0.038399278140521374,0.0,0.0,0.0,0.0,0.0,0.0
pft,45.0,42.0,577,0.05518362662586075,0.8902189302011198,0.9317659854970526,0.9893319847108658,0.010668015289134178,0.06823401450294747,0.1097810697988803,0.0,0.0,0.0,0.0,0.0,0.0
pft,45.0,43.0,472,0.045141545524101,0.7295009858998299,0.8359934426500905,0.9574819656922398,0.042518034307760175,0.16400655734990954,0.27049901410017,0.0,0.0,0.0,0.0,0.0,0.0
pft,45.0,44.0,509,0.048680183626625864,0.4771633500393622,0.6825463824927158,0.8727190911010471,0.1272809088989529,0.3174536175072841,0.5228366499606377,0.0,0.0,0.0,0.0,0.0,0.0
pft,45.0,45.0,366,0.03500382555470543,0.0,0.0,0.0,0.0,0.0,0.0,0.2252899906405899,0.4879458781907745,0.7149015694834076,0.28509843051659245,0.5120541218092255,0.77471000935941
pft,45.0,46.0,347,0.0331866870696251,0.0,0.0,0.0,0.0,0.0,0.0,0.07626364094369421,0.29435260252700196,0.5016244561654913,0.4983755438345087,0.705647397472998,0.9237363590563058
pft,45.0,47.0,282,0.02697016067329763,0.0,0.0,0.0,0.0,0.0,0.0,0.01764553365231509,0.147523732081634,0.3015095121968304,0.6984904878031696,0.852476267918366,0.9823544663476849
pft,45.0,48.0,278,0.0265876052027544,0.0,0.0,0.0,0.0,0.0,0.0,0.002539787831816337,0.05954205879120783,0.1618992182278171,0.8381007817721828,0.9404579412087921,0.9974602121681837
pft,45.0,49.0,182,0.01740627390971691,0.0,0.0,0.0,0.0,0.0,0.0,0.00023846124740581343,0.019271963659325986,0.07331095350909621,0.9266890464909038,0.9807280363406741,0.9997615387525942
pft,45.0,50.0,169,0.016162968630451417,0.0,0.0,0.0,0.0,0.0,0.0,1.4337829764207722e-05,0.004941411584241551,0.028982805840609024,0.971017194159391,0.9950585884157584,0.9999856621702358
pft,45.0,51.0,144,0.013771996939556235,0.0,0.0,0.0,0.0,0.0,0.0,5.588004758250165e-07,0.0009557060163891684,0.009842717140917645,0.9901572828590823,0.9990442939836108,0.9999994411995242
pft,45.0,52.0,124,0.011859219586840091,0.0,0.0,0.0,0.0,0.0,0.0,1.3852163444072476e-08,0.000141688755084024,0.002810243163567134,0.9971897568364329,0.999858311244916,0.9999999861478366
pft,45.0,53.0,116,0.011094108645753635,0.0,0.0,0.0,0.0,0.0,0.0,2.173874996680425e-10,1.5942025621440425e-05,0.0006526599973488553,0.9993473400026511,0.9999840579743786,0.9999999997826124
pft,45.0,54.0,102,0.009755164498852333,0.0,0.0,0.0,0.0,0.0,0.0,2.1546597839261495e-12,1.4153993394550035e-06,0.0001291740123437884,0.9998708259876562,0.9999985846006605,0.9999999999978454
pft,45.0,55.0,96,0.009181331293037491,0.0,0.0,0.0,0.0,0.0,0.0,1.3433698597964394e-14,9.351247393096784e-08,2.100406838154985e-05,0.9999789959316184,0.999999906487526,0.9999999999999866
pft,45.0,56.0,79,0.007555470543228768,0.0,0.0,0.0,0.0,0.0,0.0,1.0824674490095292e-16,4.724175328707503e-09,3.121924104551584e-06,0.9999968780758954,0.9999999952758247,0.9999999999999999
pft,45.0,57.0,52,0.004973221117061974,0.0,0.0,0.0,0.0,0.0,0.0,0.0,1.910552827055767e-10,3.910816797153547e-07,0.9999996089183203,0.9999999998089447,1.0
pft,45.0,58.0,58,0.005547054322876817,0.0,0.0,0.0,0.0,0.0,0.0,0.0,5.872413666452303e-12,4.0475743934287305e-08,0.999999959524256,0.9999999999941276,1.0
pft,45.0,59.0,43,0.004112471308339709,0.0,0.0,0.0,0.0,0.0,0.0,0.0,1.379452108096757e-13,3.4411226118580222e-09,0.9999999965588774,0.9999999999998621,1.0
pft,45.0,60.0,44,0.004208110175975516,0.0,0.0,0.0,0.0,0.0,0.0,0.0,2.3314683517128287e-15,2.445831204234132e-10,0.9999999997554169,0.9999999999999977,1.0
pft,45.0,61.0,37,0.003538638102524866,0.0,0.0,0.0,0.0,0.0,0.0,0.0,0.0,1.4526066460795954e-11,0.999999999985474,1.0,1.0
pft,45.0,62.0,32,0.00306044376434583,0.0,0.0,0.0,0.0,0.0,0.0,0.0,0.0,7.205652741148994e-13,0.9999999999992795,1.0,1.0
pft,45.0,63.0,24,0.0022953328232593728,0.0,0.0,0.0,0.0,0.0,0.0,0.0,0.0,2.979838598093896e-14,0.9999999999999702,1.0,1.0
pft,45.0,64.0,31,0.0029648048967100228,0.0,0.0,0.0,0.0,0.0,0.0,0.0,0.0,1.0103029524088824e-15,0.999999999999999,1.0,1.0
pft,45.0,65.0,32,0.00306044376434583,0.0,0.0,0.0,0.0,0.0,0.0,0.0,0.0,0.0,1.0,1.0,1.0
pft,45.0,66.0,21,0.002008416220351951,0.0,0.0,0.0,0.0,0.0,0.0,0.0,0.0,0.0,1.0,1.0,1.0
pft,45.0,67.0,12,0.0011476664116296864,0.0,0.0,0.0,0.0,0.0,0.0,0.0,0.0,0.0,1.0,1.0,1.0
pft,45.0,68.0,6,0.0005738332058148432,0.0,0.0,0.0,0.0,0.0,0.0,0.0,0.0,0.0,1.0,1.0,1.0
pft,45.0,69.0,13,0.0012433052792654934,0.0,0.0,0.0,0.0,0.0,0.0,0.0,0.0,0.0,1.0,1.0,1.0
pft,45.0,70.0,14,0.0013389441469013007,0.0,0.0,0.0,0.0,0.0,0.0,0.0,0.0,0.0,1.0,1.0,1.0
pft,45.0,71.0,9,0.0008607498087222647,0.0,0.0,0.0,0.0,0.0,0.0,0.0,0.0,0.0,1.0,1.0,1.0
pft,45.0,72.0,11,0.001052027543993879,0.0,0.0,0.0,0.0,0.0,0.0,0.0,0.0,0.0,1.0,1.0,1.0
pft,45.0,73.0,4,0.00038255547054322876,0.0,0.0,0.0,0.0,0.0,0.0,0.0,0.0,0.0,1.0,1.0,1.0
pft,45.0,74.0,7,0.0006694720734506504,0.0,0.0,0.0,0.0,0.0,0.0,0.0,0.0,0.0,1.0,1.0,1.0
pft,45.0,75.0,8,0.0007651109410864575,0.0,0.0,0.0,0.0,0.0,0.0,0.0,0.0,0.0,1.0,1.0,1.0
pft,45.0,76.0,6,0.0005738332058148432,0.0,0.0,0.0,0.0,0.0,0.0,0.0,0.0,0.0,1.0,1.0,1.0
pft,45.0,77.0,6,0.0005738332058148432,0.0,0.0,0.0,0.0,0.0,0.0,0.0,0.0,0.0,1.0,1.0,1.0
pft,45.0,78.0,2,0.00019127773527161438,0.0,0.0,0.0,0.0,0.0,0.0,0.0,0.0,0.0,1.0,1.0,1.0
pft,45.0,79.0,1,9.563886763580719e-05,0.0,0.0,0.0,0.0,0.0,0.0,0.0,0.0,0.0,1.0,1.0,1.0
pft,45.0,80.0,3,0.0002869166029074216,0.0,0.0,0.0,0.0,0.0,0.0,0.0,0.0,0.0,1.0,1.0,1.0
pft,45.0,81.0,5,0.00047819433817903597,0.0,0.0,0.0,0.0,0.0,0.0,0.0,0.0,0.0,1.0,1.0,1.0
pft,45.0,82.0,7,0.0006694720734506504,0.0,0.0,0.0,0.0,0.0,0.0,0.0,0.0,0.0,1.0,1.0,1.0
pft,45.0,83.0,5,0.00047819433817903597,0.0,0.0,0.0,0.0,0.0,0.0,0.0,0.0,0.0,1.0,1.0,1.0
pft,45.0,84.0,1,9.563886763580719e-05,0.0,0.0,0.0,0.0,0.0,0.0,0.0,0.0,0.0,1.0,1.0,1.0
pft,45.0,85.0,1,9.563886763580719e-05,0.0,0.0,0.0,0.0,0.0,0.0,0.0,0.0,0.0,1.0,1.0,1.0
pft,45.0,86.0,2,0.00019127773527161438,0.0,0.0,0.0,0.0,0.0,0.0,0.0,0.0,0.0,1.0,1.0,1.0
pft,45.0,87.0,1,9.563886763580719e-05,0.0,0.0,0.0,0.0,0.0,0.0,0.0,0.0,0.0,1.0,1.0,1.0
pft,45.0,88.0,2,0.00019127773527161438,0.0,0.0,0.0,0.0,0.0,0.0,0.0,0.0,0.0,1.0,1.0,1.0
pft,45.0,91.0,1,9.563886763580719e-05,0.0,0.0,0.0,0.0,0.0,0.0,0.0,0.0,0.0,1.0,1.0,1.0
pft,45.0,93.0,2,0.00019127773527161438,0.0,0.0,0.0,0.0,0.0,0.0,0.0,0.0,0.0,1.0,1.0,1.0
pft,45.0,94.0,2,0.00019127773527161438,0.0,0.0,0.0,0.0,0.0,0.0,0.0,0.0,0.0,1.0,1.0,1.0
pft,45.0,96.0,1,9.563886763580719e-05,0.0,0.0,0.0,0.0,0.0,0.0,0.0,0.0,0.0,1.0,1.0,1.0
pft,45.0,97.0,1,9.563886763580719e-05,0.0,0.0,0.0,0.0,0.0,0.0,0.0,0.0,0.0,1.0,1.0,1.0
pft,45.0,98.0,1,9.563886763580719e-05,0.0,0.0,0.0,0.0,0.0,0.0,0.0,0.0,0.0,1.0,1.0,1.0
pft,45.0,100.0,1,9.563886763580719e-05,0.0,0.0,0.0,0.0,0.0,0.0,0.0,0.0,0.0,1.0,1.0,1.0
pft,45.0,102.0,2,0.00019127773527161438,0.0,0.0,0.0,0.0,0.0,0.0,0.0,0.0,0.0,1.0,1.0,1.0
pft,45.0,108.0,1,9.563886763580719e-05,0.0,0.0,0.0,0.0,0.0,0.0,0.0,0.0,0.0,1.0,1.0,1.0
pft,45.0,109.0,1,9.563886763580719e-05,0.0,0.0,0.0,0.0,0.0,0.0,0.0,0.0,0.0,1.0,1.0,1.0
pft,45.0,126.0,2,0.00019127773527161438,0.0,0.0,0.0,0.0,0.0,0.0,0.0,0.0,0.0,1.0,1.0,1.0
pft,45.0,187.0,1,9.563886763580719e-05,0.0,0.0,0.0,0.0,0.0,0.0,0.0,0.0,0.0,1.0,1.0,1.0
pft,45.0,188.0,1,9.563886763580719e-05,0.0,0.0,0.0,0.0,0.0,0.0,0.0,0.0,0.0,1.0,1.0,1.0
pft,45.0,216.0,1,9.563886763580719e-05,0.0,0.0,0.0,0.0,0.0,0.0,0.0,0.0,0.0,1.0,1.0,1.0
ed_inp,45.0,3.0,1,8.296138976920141e-06,1.0,1.0,1.0,4.161154647140441e-100,1.3936161261518089e-59,9.124410052042598e-35,0.0,0.0,0.0,0.0,0.0,0.0
ed_inp,45.0,4.0,3,2.4888416930760424e-05,1.0,1.0,1.0,1.2323795102364878e-95,5.609844473811119e-57,2.524138950201504e-33,0.0,0.0,0.0,0.0,0.0,0.0
ed_inp,45.0,5.0,2,1.6592277953840282e-05,1.0,1.0,1.0,2.8736405741217966e-91,1.847297054900374e-54,6.934532939193143e-32,0.0,0.0,0.0,0.0,0.0,0.0
ed_inp,45.0,6.0,4,3.3184555907680565e-05,1.0,1.0,1.0,5.275985936043164e-87,5.3147545583789795e-52,1.93456563629111e-30,0.0,0.0,0.0,0.0,0.0,0.0
ed_inp,45.0,7.0,9,7.466525079228127e-05,1.0,1.0,1.0,7.627492422801375e-83,1.3359837247780839e-49,5.038509723192555e-29,0.0,0.0,0.0,0.0,0.0,0.0
ed_inp,45.0,8.0,15,0.00012444208465380211,1.0,1.0,1.0,9.471205727943868e-79,2.934285650620217e-47,1.2098953162885637e-27,0.0,0.0,0.0,0.0,0.0,0.0
ed_inp,45.0,9.0,21,0.00017421891851532296,1.0,1.0,1.0,9.912242319858528e-75,5.655026231412341e-45,2.5483018863149386e-26,0.0,0.0,0.0,0.0,0.0,0.0
ed_inp,45.0,10.0,25,0.00020740347442300353,1.0,1.0,1.0,7.469862192683544e-71,9.56983517289017e-43,4.594717115648559e-25,0.0,0.0,0.0,0.0,0.0,0.0
ed_inp,45.0,11.0,32,0.0002654764472614445,1.0,1.0,1.0,3.795890670820064e-67,1.5308552942161081e-40,7.664747645203337e-24,0.0,0.0,0.0,0.0,0.0,0.0
ed_inp,45.0,12.0,38,0.0003152532811229654,1.0,1.0,1.0,1.525062259767211e-63,2.1670772781396422e-38,1.186352427334833e-22,0.0,0.0,0.0,0.0,0.0,0.0
ed_inp,45.0,13.0,59,0.0004894721996382883,1.0,1.0,1.0,4.84449942197889e-60,2.61640517088423e-36,1.703810290391968e-21,0.0,0.0,0.0,0.0,0.0,0.0
ed_inp,45.0,14.0,73,0.0006056181453151703,1.0,1.0,1.0,1.2167840294039396e-56,2.7531515109888565e-34,2.2737906573780487e-20,0.0,0.0,0.0,0.0,0.0,0.0
ed_inp,45.0,15.0,64,0.000530952894522889,1.0,1.0,1.0,2.5570129966845054e-53,2.533692533456139e-32,2.8209450207773513e-19,0.0,0.0,0.0,0.0,0.0,0.0
ed_inp,45.0,16.0,130,0.0010784980669996183,1.0,1.0,1.0,4.515747099688688e-50,1.984741576947688e-30,3.2328686728146244e-18,0.0,0.0,0.0,0.0,0.0,0.0
ed_inp,45.0,17.0,149,0.001236124707561101,1.0,1.0,1.0,6.613529913280006e-47,1.2785895680444878e-28,3.4153774858560496e-17,0.0,0.0,0.0,0.0,0.0,0.0
ed_inp,45.0,18.0,226,0.001874927408783952,0.9999999999999997,1.0,1.0,7.573856369778262e-44,7.311779537369795e-27,3.3673886399504675e-16,0.0,0.0,0.0,0.0,0.0,0.0
ed_inp,45.0,19.0,256,0.002123811578091556,0.9999999999999969,1.0,1.0,6.780456311054777e-41,3.5493504343703335e-25,3.129492619676417e-15,0.0,0.0,0.0,0.0,0.0,0.0
ed_inp,45.0,20.0,515,0.004272511573113873,0.9999999999999732,1.0,1.0,4.745630206495156e-38,1.4725411531297505e-23,2.6711014003129267e-14,0.0,0.0,0.0,0.0,0.0,0.0
ed_inp,45.0,21.0,377,0.003127644394298893,0.999999999999789,1.0,1.0,2.5969419780605666e-35,5.5763973517790215e-22,2.1105417120889535e-13,0.0,0.0,0.0,0.0,0.0,0.0
ed_inp,45.0,22.0,645,0.005351009640113491,0.9999999999984518,1.0,1.0,1.1112457924391206e-32,1.8825753869622885e-20,1.5481979853430693e-12,0.0,0.0,0.0,0.0,0.0,0.0
ed_inp,45.0,23.0,620,0.005143606165690488,0.9999999999886261,1.0,1.0,3.718693157515404e-30,5.711224706961267e-19,1.1373838031900845e-11,0.0,0.0,0.0,0.0,0.0,0.0
ed_inp,45.0,24.0,944,0.007831555194212613,0.999999999928726,1.0,1.0,9.738522009864477e-28,1.4979017243706355e-17,7.127390467675453e-11,0.0,0.0,0.0,0.0,0.0,0.0
ed_inp,45.0,25.0,999,0.008287842837943222,0.9999999995536711,0.9999999999999997,1.0,2.0023329476723077e-25,3.3809649493987154e-16,4.463288629512055e-10,0.0,0.0,0.0,0.0,0.0,0.0
ed_inp,45.0,26.0,1444,0.011979624682672683,0.9999999974719247,0.9999999999999934,1.0,3.220012033039024e-23,6.545149194487969e-15,2.52807529646691e-09,0.0,0.0,0.0,0.0,0.0,0.0
ed_inp,45.0,27.0,1440,0.011946440126765004,0.9999999872390888,0.9999999999998886,1.0,4.031659943240958e-21,1.113775657572634e-13,1.2760911202781184e-08,0.0,0.0,0.0,0.0,0.0,0.0
ed_inp,45.0,28.0,2036,0.016890938957009407,0.999999941009167,0.9999999999982971,1.0,3.952121086691547e-19,1.7028925150141428e-12,5.899083298345905e-08,0.0,0.0,0.0,0.0,0.0,0.0
ed_inp,45.0,29.0,2010,0.016675239343609483,0.9999997463329118,0.9999999999771764,1.0,3.035703264802844e-17,2.2823621239723473e-11,2.5366708822083567e-07,0.0,0.0,0.0,0.0,0.0,0.0
ed_inp,45.0,30.0,2697,0.022374686820753623,0.9999989851319874,0.9999999997401559,0.9999999999999982,1.7507404224383717e-15,2.5984409785005643e-10,1.0148680126122625e-06,0.0,0.0,0.0,0.0,0.0,0.0
ed_inp,45.0,31.0,2562,0.021254708058869403,0.9999961605290942,0.9999999975321041,0.9999999999999137,8.62694566260394e-14,2.4678957974377634e-09,3.83947090569096e-06,0.0,0.0,0.0,0.0,0.0,0.0
ed_inp,45.0,32.0,3647,0.030256018848827757,0.9999869046405582,0.9999999779555715,0.9999999999967251,3.2749784875466725e-12,2.2044428534376516e-08,1.3095359441830039e-05,0.0,0.0,0.0,0.0,0.0,0.0
ed_inp,45.0,33.0,3792,0.03145895900048118,0.9999577401368737,0.9999998288531864,0.9999999999074737,9.252633058463739e-11,1.711468136468126e-07,4.225986312640287e-05,0.0,0.0,0.0,0.0,0.0,0.0
ed_inp,45.0,34.0,4779,0.03964724817070136,0.9998711172768842,0.9999988782220848,0.9999999978881035,2.1118965524148705e-09,1.1217779153182985e-06,0.00012888272311588285,0.0,0.0,0.0,0.0,0.0,0.0
ed_inp,45.0,35.0,4627,0.03838623504620949,0.999639974239768,0.9999933981374829,0.9999999638573513,3.6142648667409316e-08,6.6018625171193196e-06,0.0003600257602319511,0.0,0.0,0.0,0.0,0.0,0.0
ed_inp,45.0,36.0,5679,0.047113773249929485,0.999045790506599,0.9999652130326375,0.9999995520030683,4.479969316564084e-07,3.478696736245132e-05,0.0009542094934009328,0.0,0.0,0.0,0.0,0.0,0.0
ed_inp,45.0,37.0,5418,0.04494848097695332,0.9975704400759934,0.9998407006797061,0.9999949702258796,5.029774120389315e-06,0.00015929932029392653,0.002429559924006686,0.0,0.0,0.0,0.0,0.0,0.0
ed_inp,45.0,38.0,6244,0.051801091771889365,0.9941680547373963,0.9993567271839536,0.9999607123031813,3.92876968187623e-05,0.0006432728160464284,0.005831945262603678,0.0,0.0,0.0,0.0,0.0,0.0
ed_inp,45.0,39.0,5779,0.047943387147621495,0.9864229037454469,0.9978074538024942,0.9997483246343029,0.0002516753656971083,0.0021925461975057558,0.013577096254553056,0.0,0.0,0.0,0.0,0.0,0.0
ed_inp,45.0,40.0,6002,0.04979342613947469,0.9724350800471735,0.9933736002819084,0.9985981039071817,0.0014018960928182502,0.006626399718091654,0.027564919952826568,0.0,0.0,0.0,0.0,0.0,0.0
ed_inp,45.0,41.0,5402,0.044815742753322604,0.9466925272836793,0.9827514658872962,0.9945970192902425,0.00540298070975754,0.017248534112703842,0.053307472716320775,0.0,0.0,0.0,0.0,0.0,0.0
ed_inp,45.0,42.0,5481,0.04547113773249929,0.9016124359205242,0.9590903440478704,0.9828567182234581,0.017143281776541924,0.040909655952129684,0.09838756407947577,0.0,0.0,0.0,0.0,0.0,0.0
ed_inp,45.0,43.0,4698,0.03897526091357082,0.829974757561833,0.9139617357686334,0.958890900049182,0.041109099950817934,0.08603826423136657,0.17002524243816694,0.0,0.0,0.0,0.0,0.0,0.0
ed_inp,45.0,44.0,4639,0.03848578871393254,0.7197920768431547,0.8381644616499073,0.9149135197708274,0.08508648022917265,0.16183553835009273,0.28020792315684523,0.0,0.0,0.0,0.0,0.0,0.0
ed_inp,45.0,45.0,3744,0.03106074432958901,0.0,0.0,0.0,0.0,0.0,0.0,0.5618571320140564,0.7331937661630668,0.8487393943762388,0.1512606056237612,0.26680623383693325,0.43814286798594365
ed_inp,45.0,46.0,3812,0.03162488178001958,0.0,0.0,0.0,0.0,0.0,0.0,0.3863119730647591,0.5966935265389692,0.758698180748891,0.24130181925110902,0.40330647346103077,0.6136880269352408
ed_inp,45.0,47.0,2941,0.024398944731122137,0.0,0.0,0.0,0.0,0.0,0.0,0.2252348289383059,0.4498522476643939,0.6441385293628977,0.3558614706371022,0.5501477523356061,0.7747651710616941
ed_inp,45.0,48.0,2952,0.024490202259868258,0.0,0.0,0.0,0.0,0.0,0.0,0.1092079122648269,0.3100598732333304,0.5315653493112824,0.46843465068871765,0.6899401267666696,0.890792087735173
ed_inp,45.0,49.0,2326,0.019296819260316248,0.0,0.0,0.0,0.0,0.0,0.0,0.04172043922192709,0.19309196499601872,0.4121259293660095,0.5878740706339904,0.8069080350039812,0.9582795607780729
ed_inp,45.0,50.0,2239,0.018575055169324197,0.0,0.0,0.0,0.0,0.0,0.0,0.013624223409993972,0.10797350503155556,0.29994006587603456,0.7000599341239654,0.8920264949684444,0.986375776590006
ed_inp,45.0,51.0,1794,0.014883273324594734,0.0,0.0,0.0,0.0,0.0,0.0,0.0035577929012637626,0.05414512907645874,0.20576964058496686,0.7942303594150332,0.9458548709235413,0.9964422070987362
ed_inp,45.0,52.0,1769,0.01467586985017173,0.0,0.0,0.0,0.0,0.0,0.0,0.0007467777792793229,0.023983274878230265,0.13414805094637014,0.8658519490536298,0.9760167251217697,0.9992532222207207
ed_inp,45.0,53.0,1437,0.011921551709834242,0.0,0.0,0.0,0.0,0.0,0.0,0.00011125760598491852,0.00954003321646929,0.08102949114634155,0.9189705088536584,0.9904599667835308,0.999888742394015
ed_inp,45.0,54.0,1327,0.011008976422373027,0.0,0.0,0.0,0.0,0.0,0.0,1.4523643677646916e-05,0.003319378088256608,0.0465241350948048,0.9534758649051952,0.9966806219117434,0.9999854763563224
ed_inp,45.0,55.0,1042,0.008644576813950788,0.0,0.0,0.0,0.0,0.0,0.0,1.5440430992524905e-06,0.0010208669249502922,0.024210588581983432,0.9757894114180166,0.9989791330750497,0.9999984559569007
ed_inp,45.0,56.0,996,0.00826295442101246,0.0,0.0,0.0,0.0,0.0,0.0,1.2808909023720455e-07,0.0002748561844075903,0.01212456051186574,0.9878754394881343,0.9997251438155924,0.9999998719109098
ed_inp,45.0,57.0,807,0.006694984154374554,0.0,0.0,0.0,0.0,0.0,0.0,7.609869401292714e-09,6.603364857632466e-05,0.005775018710926876,0.9942249812890731,0.9999339663514237,0.9999999923901306
ed_inp,45.0,58.0,770,0.006388027012228509,0.0,0.0,0.0,0.0,0.0,0.0,3.5259002939547206e-10,1.3850929385272881e-05,0.0024193591287685816,0.9975806408712314,0.9999861490706148,0.9999999996474099
ed_inp,45.0,59.0,711,0.00589855481259022,0.0,0.0,0.0,0.0,0.0,0.0,1.3101100759804752e-11,2.4833391973899666e-06,0.000996819487490924,0.999003180512509,0.9999975166608026,0.9999999999868989
ed_inp,45.0,60.0,645,0.005351009640113491,0.0,0.0,0.0,0.0,0.0,0.0,4.2088554863539695e-13,4.017426454838713e-07,0.00037126006016519275,0.9996287399398348,0.9999995982573545,0.9999999999995791
ed_inp,45.0,61.0,516,0.004280807712090793,0.0,0.0,0.0,0.0,0.0,0.0,1.0694223284701825e-14,5.4952728090196246e-08,0.00012923681794307348,0.9998707631820569,0.9999999450472719,0.9999999999999893
ed_inp,45.0,62.0,553,0.004587764854236838,0.0,0.0,0.0,0.0,0.0,0.0,2.1926904736346857e-16,6.51519499461628e-09,4.280758650878346e-05,0.9999571924134912,0.999999993484805,0.9999999999999998
ed_inp,45.0,63.0,467,0.003874296902221706,0.0,0.0,0.0,0.0,0.0,0.0,0.0,7.154682402088497e-10,1.3456591971894297e-05,0.9999865434080281,0.9999999992845318,1.0
ed_inp,45.0,64.0,423,0.00350926678723722,0.0,0.0,0.0,0.0,0.0,0.0,0.0,6.778089201020521e-11,3.8632851464659435e-06,0.9999961367148535,0.9999999999322191,1.0
ed_inp,45.0,65.0,343,0.0028455756690836083,0.0,0.0,0.0,0.0,0.0,0.0,0.0,5.690670157321165e-12,1.0095337601934141e-06,0.9999989904662399,0.9999999999943093,1.0
ed_inp,45.0,66.0,377,0.003127644394298893,0.0,0.0,0.0,0.0,0.0,0.0,0.0,4.123923424970144e-13,2.603143742202496e-07,0.9999997396856258,0.9999999999995877,1.0
ed_inp,45.0,67.0,296,0.0024556571371683617,0.0,0.0,0.0,0.0,0.0,0.0,0.0,2.5146551507759796e-14,5.599630921171425e-08,0.9999999440036907,0.9999999999999749,1.0
ed_inp,45.0,68.0,329,0.0027294297234067267,0.0,0.0,0.0,0.0,0.0,0.0,0.0,1.4432899320127035e-15,1.1111941169983318e-08,0.9999999888880589,0.9999999999999986,1.0
ed_inp,45.0,69.0,268,0.002223365245814598,0.0,0.0,0.0,0.0,0.0,0.0,0.0,1.1102230246251565e-16,2.0325116395491914e-09,0.9999999979674884,0.9999999999999999,1.0
ed_inp,45.0,70.0,279,0.0023146227745607195,0.0,0.0,0.0,0.0,0.0,0.0,0.0,0.0,3.850150226414311e-10,0.999999999614985,1.0,1.0
ed_inp,45.0,71.0,228,0.0018915196867377922,0.0,0.0,0.0,0.0,0.0,0.0,0.0,0.0,6.812112540721659e-11,0.9999999999318788,1.0,1.0
ed_inp,45.0,72.0,237,0.0019661849375300737,0.0,0.0,0.0,0.0,0.0,0.0,0.0,0.0,1.0904238623155031e-11,0.9999999999890957,1.0,1.0
ed_inp,45.0,73.0,189,0.0015679702666379068,0.0,0.0,0.0,0.0,0.0,0.0,0.0,0.0,1.4946655024772272e-12,0.9999999999985053,1.0,1.0
ed_inp,45.0,74.0,174,0.0014435281819841046,0.0,0.0,0.0,0.0,0.0,0.0,0.0,0.0,1.8925971900784905e-13,0.9999999999998107,1.0,1.0
ed_inp,45.0,75.0,161,0.0013356783752841428,0.0,0.0,0.0,0.0,0.0,0.0,0.0,0.0,2.4102941864611936e-14,0.9999999999999759,1.0,1.0
ed_inp,45.0,76.0,142,0.0011780517347226602,0.0,0.0,0.0,0.0,0.0,0.0,0.0,0.0,2.917110997202571e-15,0.9999999999999971,1.0,1.0
ed_inp,45.0,77.0,158,0.0013107899583533823,0.0,0.0,0.0,0.0,0.0,0.0,0.0,0.0,3.3584246494910733e-16,0.9999999999999997,1.0,1.0
ed_inp,45.0,78.0,129,0.0010702019280226982,0.0,0.0,0.0,0.0,0.0,0.0,0.0,0.0,0.0,1.0,1.0,1.0
ed_inp,45.0,79.0,134,0.001111682622907299,0.0,0.0,0.0,0.0,0.0,0.0,0.0,0.0,0.0,1.0,1.0,1.0
ed_inp,45.0,80.0,119,0.0009872405382534968,0.0,0.0,0.0,0.0,0.0,0.0,0.0,0.0,0.0,1.0,1.0,1.0
ed_inp,45.0,81.0,121,0.001003832816207337,0.0,0.0,0.0,0.0,0.0,0.0,0.0,0.0,0.0,1.0,1.0,1.0
ed_inp,45.0,82.0,105,0.0008710945925766148,0.0,0.0,0.0,0.0,0.0,0.0,0.0,0.0,0.0,1.0,1.0,1.0
ed_inp,45.0,83.0,108,0.0008959830095073753,0.0,0.0,0.0,0.0,0.0,0.0,0.0,0.0,0.0,1.0,1.0,1.0
ed_inp,45.0,84.0,102,0.0008462061756458544,0.0,0.0,0.0,0.0,0.0,0.0,0.0,0.0,0.0,1.0,1.0,1.0
ed_inp,45.0,85.0,85,0.000705171813038212,0.0,0.0,0.0,0.0,0.0,0.0,0.0,0.0,0.0,1.0,1.0,1.0
ed_inp,45.0,86.0,83,0.0006885795350843717,0.0,0.0,0.0,0.0,0.0,0.0,0.0,0.0,0.0,1.0,1.0,1.0
ed_inp,45.0,87.0,77,0.0006388027012228509,0.0,0.0,0.0,0.0,0.0,0.0,0.0,0.0,0.0,1.0,1.0,1.0
ed_inp,45.0,88.0,88,0.0007300602299689724,0.0,0.0,0.0,0.0,0.0,0.0,0.0,0.0,0.0,1.0,1.0,1.0
ed_inp,45.0,89.0,97,0.0008047254807612537,0.0,0.0,0.0,0.0,0.0,0.0,0.0,0.0,0.0,1.0,1.0,1.0
ed_inp,45.0,90.0,76,0.0006305065622459308,0.0,0.0,0.0,0.0,0.0,0.0,0.0,0.0,0.0,1.0,1.0,1.0
ed_inp,45.0,91.0,63,0.0005226567555459689,0.0,0.0,0.0,0.0,0.0,0.0,0.0,0.0,0.0,1.0,1.0,1.0
ed_inp,45.0,92.0,55,0.00045628764373060776,0.0,0.0,0.0,0.0,0.0,0.0,0.0,0.0,0.0,1.0,1.0,1.0
ed_inp,45.0,93.0,39,0.0003235494200998855,0.0,0.0,0.0,0.0,0.0,0.0,0.0,0.0,0.0,1.0,1.0,1.0
ed_inp,45.0,94.0,52,0.00043139922679984736,0.0,0.0,0.0,0.0,0.0,0.0,0.0,0.0,0.0,1.0,1.0,1.0
ed_inp,45.0,95.0,51,0.0004231030878229272,0.0,0.0,0.0,0.0,0.0,0.0,0.0,0.0,0.0,1.0,1.0,1.0
ed_inp,45.0,96.0,64,0.000530952894522889,0.0,0.0,0.0,0.0,0.0,0.0,0.0,0.0,0.0,1.0,1.0,1.0
ed_inp,45.0,97.0,31,0.0002571803082845244,0.0,0.0,0.0,0.0,0.0,0.0,0.0,0.0,0.0,1.0,1.0,1.0
ed_inp,45.0,98.0,50,0.00041480694884600707,0.0,0.0,0.0,0.0,0.0,0.0,0.0,0.0,0.0,1.0,1.0,1.0
ed_inp,45.0,99.0,41,0.0003401416980537258,0.0,0.0,0.0,0.0,0.0,0.0,0.0,0.0,0.0,1.0,1.0,1.0
ed_inp,45.0,100.0,34,0.0002820687252152848,0.0,0.0,0.0,0.0,0.0,0.0,0.0,0.0,0.0,1.0,1.0,1.0
ed_inp,45.0,101.0,30,0.00024888416930760423,0.0,0.0,0.0,0.0,0.0,0.0,0.0,0.0,0.0,1.0,1.0,1.0
ed_inp,45.0,102.0,26,0.00021569961339992368,0.0,0.0,0.0,0.0,0.0,0.0,0.0,0.0,0.0,1.0,1.0,1.0
ed_inp,45.0,103.0,32,0.0002654764472614445,0.0,0.0,0.0,0.0,0.0,0.0,0.0,0.0,0.0,1.0,1.0,1.0
ed_inp,45.0,104.0,21,0.00017421891851532296,0.0,0.0,0.0,0.0,0.0,0.0,0.0,0.0,0.0,1.0,1.0,1.0
ed_inp,45.0,105.0,28,0.00023229189135376397,0.0,0.0,0.0,0.0,0.0,0.0,0.0,0.0,0.0,1.0,1.0,1.0
ed_inp,45.0,106.0,19,0.0001576266405614827,0.0,0.0,0.0,0.0,0.0,0.0,0.0,0.0,0.0,1.0,1.0,1.0
ed_inp,45.0,107.0,22,0.0001825150574922431,0.0,0.0,0.0,0.0,0.0,0.0,0.0,0.0,0.0,1.0,1.0,1.0
ed_inp,45.0,108.0,20,0.00016592277953840284,0.0,0.0,0.0,0.0,0.0,0.0,0.0,0.0,0.0,1.0,1.0,1.0
ed_inp,45.0,109.0,12,9.95536677230417e-05,0.0,0.0,0.0,0.0,0.0,0.0,0.0,0.0,0.0,1.0,1.0,1.0
ed_inp,45.0,110.0,21,0.00017421891851532296,0.0,0.0,0.0,0.0,0.0,0.0,0.0,0.0,0.0,1.0,1.0,1.0
ed_inp,45.0,111.0,19,0.0001576266405614827,0.0,0.0,0.0,0.0,0.0,0.0,0.0,0.0,0.0,1.0,1.0,1.0
ed_inp,45.0,112.0,15,0.00012444208465380211,0.0,0.0,0.0,0.0,0.0,0.0,0.0,0.0,0.0,1.0,1.0,1.0
ed_inp,45.0,113.0,15,0.00012444208465380211,0.0,0.0,0.0,0.0,0.0,0.0,0.0,0.0,0.0,1.0,1.0,1.0
ed_inp,45.0,114.0,13,0.00010784980669996184,0.0,0.0,0.0,0.0,0.0,0.0,0.0,0.0,0.0,1.0,1.0,1.0
ed_inp,45.0,115.0,12,9.95536677230417e-05,0.0,0.0,0.0,0.0,0.0,0.0,0.0,0.0,0.0,1.0,1.0,1.0
ed_inp,45.0,116.0,14,0.00011614594567688198,0.0,0.0,0.0,0.0,0.0,0.0,0.0,0.0,0.0,1.0,1.0,1.0
ed_inp,45.0,117.0,4,3.3184555907680565e-05,0.0,0.0,0.0,0.0,0.0,0.0,0.0,0.0,0.0,1.0,1.0,1.0
ed_inp,45.0,118.0,10,8.296138976920142e-05,0.0,0.0,0.0,0.0,0.0,0.0,0.0,0.0,0.0,1.0,1.0,1.0
ed_inp,45.0,119.0,15,0.00012444208465380211,0.0,0.0,0.0,0.0,0.0,0.0,0.0,0.0,0.0,1.0,1.0,1.0
ed_inp,45.0,120.0,11,9.125752874612155e-05,0.0,0.0,0.0,0.0,0.0,0.0,0.0,0.0,0.0,1.0,1.0,1.0
ed_inp,45.0,121.0,10,8.296138976920142e-05,0.0,0.0,0.0,0.0,0.0,0.0,0.0,0.0,0.0,1.0,1.0,1.0
ed_inp,45.0,122.0,12,9.95536677230417e-05,0.0,0.0,0.0,0.0,0.0,0.0,0.0,0.0,0.0,1.0,1.0,1.0
ed_inp,45.0,123.0,8,6.636911181536113e-05,0.0,0.0,0.0,0.0,0.0,0.0,0.0,0.0,0.0,1.0,1.0,1.0
ed_inp,45.0,124.0,11,9.125752874612155e-05,0.0,0.0,0.0,0.0,0.0,0.0,0.0,0.0,0.0,1.0,1.0,1.0
ed_inp,45.0,125.0,11,9.125752874612155e-05,0.0,0.0,0.0,0.0,0.0,0.0,0.0,0.0,0.0,1.0,1.0,1.0
ed_inp,45.0,126.0,6,4.977683386152085e-05,0.0,0.0,0.0,0.0,0.0,0.0,0.0,0.0,0.0,1.0,1.0,1.0
ed_inp,45.0,127.0,5,4.148069488460071e-05,0.0,0.0,0.0,0.0,0.0,0.0,0.0,0.0,0.0,1.0,1.0,1.0
ed_inp,45.0,128.0,9,7.466525079228127e-05,0.0,0.0,0.0,0.0,0.0,0.0,0.0,0.0,0.0,1.0,1.0,1.0
ed_inp,45.0,129.0,2,1.6592277953840282e-05,0.0,0.0,0.0,0.0,0.0,0.0,0.0,0.0,0.0,1.0,1.0,1.0
ed_inp,45.0,130.0,9,7.466525079228127e-05,0.0,0.0,0.0,0.0,0.0,0.0,0.0,0.0,0.0,1.0,1.0,1.0
ed_inp,45.0,131.0,6,4.977683386152085e-05,0.0,0.0,0.0,0.0,0.0,0.0,0.0,0.0,0.0,1.0,1.0,1.0
ed_inp,45.0,132.0,5,4.148069488460071e-05,0.0,0.0,0.0,0.0,0.0,0.0,0.0,0.0,0.0,1.0,1.0,1.0
ed_inp,45.0,133.0,2,1.6592277953840282e-05,0.0,0.0,0.0,0.0,0.0,0.0,0.0,0.0,0.0,1.0,1.0,1.0
ed_inp,45.0,135.0,3,2.4888416930760424e-05,0.0,0.0,0.0,0.0,0.0,0.0,0.0,0.0,0.0,1.0,1.0,1.0
ed_inp,45.0,136.0,4,3.3184555907680565e-05,0.0,0.0,0.0,0.0,0.0,0.0,0.0,0.0,0.0,1.0,1.0,1.0
ed_inp,45.0,138.0,2,1.6592277953840282e-05,0.0,0.0,0.0,0.0,0.0,0.0,0.0,0.0,0.0,1.0,1.0,1.0
ed_inp,45.0,139.0,3,2.4888416930760424e-05,0.0,0.0,0.0,0.0,0.0,0.0,0.0,0.0,0.0,1.0,1.0,1.0
ed_inp,45.0,140.0,5,4.148069488460071e-05,0.0,0.0,0.0,0.0,0.0,0.0,0.0,0.0,0.0,1.0,1.0,1.0
ed_inp,45.0,142.0,3,2.4888416930760424e-05,0.0,0.0,0.0,0.0,0.0,0.0,0.0,0.0,0.0,1.0,1.0,1.0
ed_inp,45.0,143.0,3,2.4888416930760424e-05,0.0,0.0,0.0,0.0,0.0,0.0,0.0,0.0,0.0,1.0,1.0,1.0
ed_inp,45.0,144.0,2,1.6592277953840282e-05,0.0,0.0,0.0,0.0,0.0,0.0,0.0,0.0,0.0,1.0,1.0,1.0
ed_inp,45.0,145.0,1,8.296138976920141e-06,0.0,0.0,0.0,0.0,0.0,0.0,0.0,0.0,0.0,1.0,1.0,1.0
ed_inp,45.0,146.0,2,1.6592277953840282e-05,0.0,0.0,0.0,0.0,0.0,0.0,0.0,0.0,0.0,1.0,1.0,1.0
ed_inp,45.0,147.0,6,4.977683386152085e-05,0.0,0.0,0.0,0.0,0.0,0.0,0.0,0.0,0.0,1.0,1.0,1.0
ed_inp,45.0,148.0,4,3.3184555907680565e-05,0.0,0.0,0.0,0.0,0.0,0.0,0.0,0.0,0.0,1.0,1.0,1.0
ed_inp,45.0,150.0,3,2.4888416930760424e-05,0.0,0.0,0.0,0.0,0.0,0.0,0.0,0.0,0.0,1.0,1.0,1.0
ed_inp,45.0,152.0,6,4.977683386152085e-05,0.0,0.0,0.0,0.0,0.0,0.0,0.0,0.0,0.0,1.0,1.0,1.0
ed_inp,45.0,153.0,6,4.977683386152085e-05,0.0,0.0,0.0,0.0,0.0,0.0,0.0,0.0,0.0,1.0,1.0,1.0
ed_inp,45.0,154.0,4,3.3184555907680565e-05,0.0,0.0,0.0,0.0,0.0,0.0,0.0,0.0,0.0,1.0,1.0,1.0
ed_inp,45.0,155.0,4,3.3184555907680565e-05,0.0,0.0,0.0,0.0,0.0,0.0,0.0,0.0,0.0,1.0,1.0,1.0
ed_inp,45.0,156.0,2,1.6592277953840282e-05,0.0,0.0,0.0,0.0,0.0,0.0,0.0,0.0,0.0,1.0,1.0,1.0
ed_inp,45.0,157.0,3,2.4888416930760424e-05,0.0,0.0,0.0,0.0,0.0,0.0,0.0,0.0,0.0,1.0,1.0,1.0
ed_inp,45.0,158.0,2,1.6592277953840282e-05,0.0,0.0,0.0,0.0,0.0,0.0,0.0,0.0,0.0,1.0,1.0,1.0
ed_inp,45.0,159.0,6,4.977683386152085e-05,0.0,0.0,0.0,0.0,0.0,0.0,0.0,0.0,0.0,1.0,1.0,1.0
ed_inp,45.0,160.0,2,1.6592277953840282e-05,0.0,0.0,0.0,0.0,0.0,0.0,0.0,0.0,0.0,1.0,1.0,1.0
ed_inp,45.0,161.0,6,4.977683386152085e-05,0.0,0.0,0.0,0.0,0.0,0.0,0.0,0.0,0.0,1.0,1.0,1.0
ed_inp,45.0,162.0,2,1.6592277953840282e-05,0.0,0.0,0.0,0.0,0.0,0.0,0.0,0.0,0.0,1.0,1.0,1.0
ed_inp,45.0,163.0,1,8.296138976920141e-06,0.0,0.0,0.0,0.0,0.0,0.0,0.0,0.0,0.0,1.0,1.0,1.0
ed_inp,45.0,164.0,3,2.4888416930760424e-05,0.0,0.0,0.0,0.0,0.0,0.0,0.0,0.0,0.0,1.0,1.0,1.0
ed_inp,45.0,166.0,3,2.4888416930760424e-05,0.0,0.0,0.0,0.0,0.0,0.0,0.0,0.0,0.0,1.0,1.0,1.0
ed_inp,45.0,167.0,4,3.3184555907680565e-05,0.0,0.0,0.0,0.0,0.0,0.0,0.0,0.0,0.0,1.0,1.0,1.0
ed_inp,45.0,168.0,4,3.3184555907680565e-05,0.0,0.0,0.0,0.0,0.0,0.0,0.0,0.0,0.0,1.0,1.0,1.0
ed_inp,45.0,169.0,1,8.296138976920141e-06,0.0,0.0,0.0,0.0,0.0,0.0,0.0,0.0,0.0,1.0,1.0,1.0
ed_inp,45.0,170.0,2,1.6592277953840282e-05,0.0,0.0,0.0,0.0,0.0,0.0,0.0,0.0,0.0,1.0,1.0,1.0
ed_inp,45.0,171.0,2,1.6592277953840282e-05,0.0,0.0,0.0,0.0,0.0,0.0,0.0,0.0,0.0,1.0,1.0,1.0
ed_inp,45.0,172.0,2,1.6592277953840282e-05,0.0,0.0,0.0,0.0,0.0,0.0,0.0,0.0,0.0,1.0,1.0,1.0
ed_inp,45.0,173.0,3,2.4888416930760424e-05,0.0,0.0,0.0,0.0,0.0,0.0,0.0,0.0,0.0,1.0,1.0,1.0
ed_inp,45.0,174.0,2,1.6592277953840282e-05,0.0,0.0,0.0,0.0,0.0,0.0,0.0,0.0,0.0,1.0,1.0,1.0
ed_inp,45.0,176.0,1,8.296138976920141e-06,0.0,0.0,0.0,0.0,0.0,0.0,0.0,0.0,0.0,1.0,1.0,1.0
ed_inp,45.0,177.0,2,1.6592277953840282e-05,0.0,0.0,0.0,0.0,0.0,0.0,0.0,0.0,0.0,1.0,1.0,1.0
ed_inp,45.0,178.0,4,3.3184555907680565e-05,0.0,0.0,0.0,0.0,0.0,0.0,0.0,0.0,0.0,1.0,1.0,1.0
ed_inp,45.0,179.0,3,2.4888416930760424e-05,0.0,0.0,0.0,0.0,0.0,0.0,0.0,0.0,0.0,1.0,1.0,1.0
ed_inp,45.0,180.0,1,8.296138976920141e-06,0.0,0.0,0.0,0.0,0.0,0.0,0.0,0.0,0.0,1.0,1.0,1.0
ed_inp,45.0,181.0,1,8.296138976920141e-06,0.0,0.0,0.0,0.0,0.0,0.0,0.0,0.0,0.0,1.0,1.0,1.0
ed_inp,45.0,182.0,2,1.6592277953840282e-05,0.0,0.0,0.0,0.0,0.0,0.0,0.0,0.0,0.0,1.0,1.0,1.0
ed_inp,45.0,183.0,1,8.296138976920141e-06,0.0,0.0,0.0,0.0,0.0,0.0,0.0,0.0,0.0,1.0,1.0,1.0
ed_inp,45.0,184.0,6,4.977683386152085e-05,0.0,0.0,0.0,0.0,0.0,0.0,0.0,0.0,0.0,1.0,1.0,1.0
ed_inp,45.0,185.0,2,1.6592277953840282e-05,0.0,0.0,0.0,0.0,0.0,0.0,0.0,0.0,0.0,1.0,1.0,1.0
ed_inp,45.0,186.0,3,2.4888416930760424e-05,0.0,0.0,0.0,0.0,0.0,0.0,0.0,0.0,0.0,1.0,1.0,1.0
ed_inp,45.0,187.0,1,8.296138976920141e-06,0.0,0.0,0.0,0.0,0.0,0.0,0.0,0.0,0.0,1.0,1.0,1.0
ed_inp,45.0,188.0,2,1.6592277953840282e-05,0.0,0.0,0.0,0.0,0.0,0.0,0.0,0.0,0.0,1.0,1.0,1.0
ed_inp,45.0,189.0,3,2.4888416930760424e-05,0.0,0.0,0.0,0.0,0.0,0.0,0.0,0.0,0.0,1.0,1.0,1.0
ed_inp,45.0,190.0,1,8.296138976920141e-06,0.0,0.0,0.0,0.0,0.0,0.0,0.0,0.0,0.0,1.0,1.0,1.0
ed_inp,45.0,191.0,2,1.6592277953840282e-05,0.0,0.0,0.0,0.0,0.0,0.0,0.0,0.0,0.0,1.0,1.0,1.0
ed_inp,45.0,192.0,6,4.977683386152085e-05,0.0,0.0,0.0,0.0,0.0,0.0,0.0,0.0,0.0,1.0,1.0,1.0
ed_inp,45.0,193.0,2,1.6592277953840282e-05,0.0,0.0,0.0,0.0,0.0,0.0,0.0,0.0,0.0,1.0,1.0,1.0
ed_inp,45.0,194.0,2,1.6592277953840282e-05,0.0,0.0,0.0,0.0,0.0,0.0,0.0,0.0,0.0,1.0,1.0,1.0
ed_inp,45.0,195.0,3,2.4888416930760424e-05,0.0,0.0,0.0,0.0,0.0,0.0,0.0,0.0,0.0,1.0,1.0,1.0
ed_inp,45.0,197.0,2,1.6592277953840282e-05,0.0,0.0,0.0,0.0,0.0,0.0,0.0,0.0,0.0,1.0,1.0,1.0
ed_inp,45.0,198.0,2,1.6592277953840282e-05,0.0,0.0,0.0,0.0,0.0,0.0,0.0,0.0,0.0,1.0,1.0,1.0
ed_inp,45.0,199.0,1,8.296138976920141e-06,0.0,0.0,0.0,0.0,0.0,0.0,0.0,0.0,0.0,1.0,1.0,1.0
ed_inp,45.0,200.0,2,1.6592277953840282e-05,0.0,0.0,0.0,0.0,0.0,0.0,0.0,0.0,0.0,1.0,1.0,1.0
ed_inp,45.0,201.0,4,3.3184555907680565e-05,0.0,0.0,0.0,0.0,0.0,0.0,0.0,0.0,0.0,1.0,1.0,1.0
ed_inp,45.0,202.0,2,1.6592277953840282e-05,0.0,0.0,0.0,0.0,0.0,0.0,0.0,0.0,0.0,1.0,1.0,1.0
ed_inp,45.0,203.0,1,8.296138976920141e-06,0.0,0.0,0.0,0.0,0.0,0.0,0.0,0.0,0.0,1.0,1.0,1.0
ed_inp,45.0,204.0,2,1.6592277953840282e-05,0.0,0.0,0.0,0.0,0.0,0.0,0.0,0.0,0.0,1.0,1.0,1.0
ed_inp,45.0,205.0,2,1.6592277953840282e-05,0.0,0.0,0.0,0.0,0.0,0.0,0.0,0.0,0.0,1.0,1.0,1.0
ed_inp,45.0,206.0,5,4.148069488460071e-05,0.0,0.0,0.0,0.0,0.0,0.0,0.0,0.0,0.0,1.0,1.0,1.0
ed_inp,45.0,207.0,5,4.148069488460071e-05,0.0,0.0,0.0,0.0,0.0,0.0,0.0,0.0,0.0,1.0,1.0,1.0
ed_inp,45.0,208.0,2,1.6592277953840282e-05,0.0,0.0,0.0,0.0,0.0,0.0,0.0,0.0,0.0,1.0,1.0,1.0
ed_inp,45.0,209.0,4,3.3184555907680565e-05,0.0,0.0,0.0,0.0,0.0,0.0,0.0,0.0,0.0,1.0,1.0,1.0
ed_inp,45.0,210.0,1,8.296138976920141e-06,0.0,0.0,0.0,0.0,0.0,0.0,0.0,0.0,0.0,1.0,1.0,1.0
ed_inp,45.0,211.0,3,2.4888416930760424e-05,0.0,0.0,0.0,0.0,0.0,0.0,0.0,0.0,0.0,1.0,1.0,1.0
ed_inp,45.0,212.0,3,2.4888416930760424e-05,0.0,0.0,0.0,0.0,0.0,0.0,0.0,0.0,0.0,1.0,1.0,1.0
ed_inp,45.0,213.0,2,1.6592277953840282e-05,0.0,0.0,0.0,0.0,0.0,0.0,0.0,0.0,0.0,1.0,1.0,1.0
ed_inp,45.0,214.0,1,8.296138976920141e-06,0.0,0.0,0.0,0.0,0.0,0.0,0.0,0.0,0.0,1.0,1.0,1.0
ed_inp,45.0,215.0,2,1.6592277953840282e-05,0.0,0.0,0.0,0.0,0.0,0.0,0.0,0.0,0.0,1.0,1.0,1.0
ed_inp,45.0,218.0,2,1.6592277953840282e-05,0.0,0.0,0.0,0.0,0.0,0.0,0.0,0.0,0.0,1.0,1.0,1.0
ed_inp,45.0,219.0,2,1.6592277953840282e-05,0.0,0.0,0.0,0.0,0.0,0.0,0.0,0.0,0.0,1.0,1.0,1.0
ed_inp,45.0,220.0,2,1.6592277953840282e-05,0.0,0.0,0.0,0.0,0.0,0.0,0.0,0.0,0.0,1.0,1.0,1.0
ed_inp,45.0,221.0,2,1.6592277953840282e-05,0.0,0.0,0.0,0.0,0.0,0.0,0.0,0.0,0.0,1.0,1.0,1.0
ed_inp,45.0,223.0,1,8.296138976920141e-06,0.0,0.0,0.0,0.0,0.0,0.0,0.0,0.0,0.0,1.0,1.0,1.0
ed_inp,45.0,224.0,2,1.6592277953840282e-05,0.0,0.0,0.0,0.0,0.0,0.0,0.0,0.0,0.0,1.0,1.0,1.0
ed_inp,45.0,225.0,1,8.296138976920141e-06,0.0,0.0,0.0,0.0,0.0,0.0,0.0,0.0,0.0,1.0,1.0,1.0
ed_inp,45.0,226.0,2,1.6592277953840282e-05,0.0,0.0,0.0,0.0,0.0,0.0,0.0,0.0,0.0,1.0,1.0,1.0
ed_inp,45.0,227.0,1,8.296138976920141e-06,0.0,0.0,0.0,0.0,0.0,0.0,0.0,0.0,0.0,1.0,1.0,1.0
ed_inp,45.0,232.0,2,1.6592277953840282e-05,0.0,0.0,0.0,0.0,0.0,0.0,0.0,0.0,0.0,1.0,1.0,1.0
ed_inp,45.0,234.0,1,8.296138976920141e-06,0.0,0.0,0.0,0.0,0.0,0.0,0.0,0.0,0.0,1.0,1.0,1.0
ed_inp,45.0,235.0,3,2.4888416930760424e-05,0.0,0.0,0.0,0.0,0.0,0.0,0.0,0.0,0.0,1.0,1.0,1.0
ed_inp,45.0,237.0,1,8.296138976920141e-06,0.0,0.0,0.0,0.0,0.0,0.0,0.0,0.0,0.0,1.0,1.0,1.0
ed_inp,45.0,238.0,3,2.4888416930760424e-05,0.0,0.0,0.0,0.0,0.0,0.0,0.0,0.0,0.0,1.0,1.0,1.0
ed_inp,45.0,240.0,4,3.3184555907680565e-05,0.0,0.0,0.0,0.0,0.0,0.0,0.0,0.0,0.0,1.0,1.0,1.0
ed_inp,45.0,241.0,2,1.6592277953840282e-05,0.0,0.0,0.0,0.0,0.0,0.0,0.0,0.0,0.0,1.0,1.0,1.0
ed_inp,45.0,244.0,1,8.296138976920141e-06,0.0,0.0,0.0,0.0,0.0,0.0,0.0,0.0,0.0,1.0,1.0,1.0
ed_inp,45.0,245.0,1,8.296138976920141e-06,0.0,0.0,0.0,0.0,0.0,0.0,0.0,0.0,0.0,1.0,1.0,1.0
ed_inp,45.0,246.0,2,1.6592277953840282e-05,0.0,0.0,0.0,0.0,0.0,0.0,0.0,0.0,0.0,1.0,1.0,1.0
ed_inp,45.0,247.0,1,8.296138976920141e-06,0.0,0.0,0.0,0.0,0.0,0.0,0.0,0.0,0.0,1.0,1.0,1.0
ed_inp,45.0,248.0,1,8.296138976920141e-06,0.0,0.0,0.0,0.0,0.0,0.0,0.0,0.0,0.0,1.0,1.0,1.0
ed_inp,45.0,249.0,2,1.6592277953840282e-05,0.0,0.0,0.0,0.0,0.0,0.0,0.0,0.0,0.0,1.0,1.0,1.0
icu,45.0,7.0,4,5.996641880546894e-05,1.0,1.0,1.0,2.3509240682667452e-77,1.7822864557283325e-51,1.608097914897985e-30,0.0,0.0,0.0,0.0,0.0,0.0
icu,45.0,8.0,8,0.00011993283761093787,1.0,1.0,1.0,1.8399645933046527e-73,6.75636636084247e-49,4.395114062618268e-29,0.0,0.0,0.0,0.0,0.0,0.0
icu,45.0,9.0,15,0.0002248740705205085,1.0,1.0,1.0,1.2642417538060471e-69,2.342719813915813e-46,1.1022747949414338e-27,0.0,0.0,0.0,0.0,0.0,0.0
icu,45.0,10.0,17,0.000254857279923243,1.0,1.0,1.0,8.247776912611399e-66,6.918727856130867e-44,2.542006025934397e-26,0.0,0.0,0.0,0.0,0.0,0.0
icu,45.0,11.0,34,0.000509714559846486,1.0,1.0,1.0,4.180520080322849e-62,1.8088889392784045e-41,5.390653572231195e-25,0.0,0.0,0.0,0.0,0.0,0.0
icu,45.0,12.0,50,0.0007495802350683617,1.0,1.0,1.0,1.3750937943707704e-58,4.0975141688922384e-39,1.1421282187523302e-23,0.0,0.0,0.0,0.0,0.0,0.0
icu,45.0,13.0,52,0.0007795634444710961,1.0,1.0,1.0,3.239978615704366e-55,7.772816625810568e-37,2.345045976280706e-22,0.0,0.0,0.0,0.0,0.0,0.0
icu,45.0,14.0,68,0.001019429119692972,1.0,1.0,1.0,7.135749106388552e-52,1.2214222907482003e-34,4.393048478151168e-21,0.0,0.0,0.0,0.0,0.0,0.0
icu,45.0,15.0,73,0.0010943871431998082,1.0,1.0,1.0,1.2322546376248057e-48,1.6512723583190042e-32,7.508263660408725e-20,0.0,0.0,0.0,0.0,0.0,0.0
icu,45.0,16.0,135,0.0020238666346845766,1.0,1.0,1.0,1.6602179567675312e-45,1.7438469198246814e-30,1.170746537381595e-18,0.0,0.0,0.0,0.0,0.0,0.0
icu,45.0,17.0,153,0.002293715519309187,1.0,1.0,1.0,1.745273844611917e-42,1.609311025020988e-28,1.665467532209757e-17,0.0,0.0,0.0,0.0,0.0,0.0
icu,45.0,18.0,183,0.002743463660350204,0.9999999999999998,1.0,1.0,1.440133227112627e-39,1.3203456961018244e-26,2.060229710513511e-16,0.0,0.0,0.0,0.0,0.0,0.0
icu,45.0,19.0,196,0.002938354521467978,0.9999999999999974,1.0,1.0,9.1448769685399e-37,9.316436238439088e-25,2.5578021954736438e-15,0.0,0.0,0.0,0.0,0.0,0.0
icu,45.0,20.0,291,0.004362556968097865,0.9999999999999722,1.0,1.0,4.5547510367565685e-34,5.589416091161813e-23,2.7808663735097723e-14,0.0,0.0,0.0,0.0,0.0,0.0
icu,45.0,21.0,341,0.005112137203166227,0.9999999999997583,1.0,1.0,1.771297585629937e-31,2.810182622359603e-21,2.4173632903702286e-13,0.0,0.0,0.0,0.0,0.0,0.0
icu,45.0,22.0,452,0.0067762053250179895,0.9999999999980924,1.0,1.0,5.384654110692074e-29,1.1638573343469626e-19,1.90757366128863e-12,0.0,0.0,0.0,0.0,0.0,0.0
icu,45.0,23.0,527,0.007900575677620533,0.9999999999844881,1.0,1.0,1.280756146786012e-26,4.103350525212236e-18,1.5511988426609348e-11,0.0,0.0,0.0,0.0,0.0,0.0
icu,45.0,24.0,695,0.010419165267450228,0.9999999998848375,0.9999999999999999,1.0,2.3789881841789493e-24,1.2442821084434352e-16,1.1516248095195742e-10,0.0,0.0,0.0,0.0,0.0,0.0
icu,45.0,25.0,778,0.011663468457663709,0.9999999992168639,0.9999999999999968,1.0,3.5494736914819445e-22,3.226208666798715e-15,7.831361289439237e-10,0.0,0.0,0.0,0.0,0.0,0.0
icu,45.0,26.0,994,0.01490165507315903,0.9999999949952478,0.9999999999999309,1.0,4.2652098623888856e-20,6.912328761412196e-14,5.004752203491211e-09,0.0,0.0,0.0,0.0,0.0,0.0
icu,45.0,27.0,1088,0.01631086591508755,0.9999999713925939,0.9999999999986847,1.0,3.4800750005829254e-18,1.3153030911543147e-12,2.8607406150367125e-08,0.0,0.0,0.0,0.0,0.0,0.0
icu,45.0,28.0,1383,0.020733389301990885,0.9999998489543459,0.9999999999777061,0.9999999999999998,2.580488909291672e-16,2.2293977082957068e-11,1.5104565412158287e-07,0.0,0.0,0.0,0.0,0.0,0.0
icu,45.0,29.0,1413,0.0211831374430319,0.9999992554065992,0.9999999996815961,0.9999999999999869,1.312018839332097e-14,3.1840387129924326e-10,7.445934008649255e-07,0.0,0.0,0.0,0.0,0.0,0.0
icu,45.0,30.0,1772,0.02656512353082274,0.9999964556005938,0.9999999963332493,0.9999999999994555,5.44458845760871e-13,3.666750745190512e-09,3.5443994061779003e-06,0.0,0.0,0.0,0.0,0.0,0.0
icu,45.0,31.0,1771,0.02655013192612137,0.9999849298676179,0.9999999635906831,0.9999999999821059,1.7894095005666233e-11,3.640931690075809e-08,1.5070132382083475e-05,0.0,0.0,0.0,0.0,0.0,0.0
icu,45.0,32.0,2358,0.03535020388582394,0.9999508545072282,0.999999677876787,0.9999999995355705,4.64429473065512e-10,3.221232129647814e-07,4.914549277186686e-05,0.0,0.0,0.0,0.0,0.0,0.0
icu,45.0,33.0,2227,0.03338630366994483,0.9998377574592189,0.9999976423150915,0.99999999098803,9.011969850638158e-09,2.3576849085118105e-06,0.00016224254078114802,0.0,0.0,0.0,0.0,0.0,0.0
icu,45.0,34.0,2769,0.04151175341808587,0.9994965614254766,0.9999851799010588,0.9999998681198076,1.3188019240398177e-07,1.4820098941086237e-05,0.0005034385745233601,0.0,0.0,0.0,0.0,0.0,0.0
icu,45.0,35.0,2623,0.03932297913168625,0.9985891324925199,0.9999205469314513,0.9999983944462689,1.6055537309845443e-06,7.94530685487269e-05,0.0014108675074800928,0.0,0.0,0.0,0.0,0.0,0.0
icu,45.0,36.0,3011,0.04513972175581674,0.9963794122353067,0.9996330701494955,0.9999845108332117,1.548916678823679e-05,0.0003669298505043975,0.0036205877646934004,0.0,0.0,0.0,0.0,0.0,0.0
icu,45.0,37.0,2722,0.04080714799712161,0.991204731892103,0.9985501036096411,0.999881234664252,0.00011876533574792906,0.0014498963903587909,0.008795268107896949,0.0,0.0,0.0,0.0,0.0,0.0
icu,45.0,38.0,2996,0.04491484768529624,0.9801426821199252,0.994967830838807,0.9992748553931812,0.0007251446068188437,0.0050321691611930446,0.019857317880074783,0.0,0.0,0.0,0.0,0.0,0.0
icu,45.0,39.0,2630,0.039427920364595824,0.9590432656986373,0.9852459590425369,0.9965872554621845,0.0034127445378154503,0.014754040957463146,0.04095673430136269,0.0,0.0,0.0,0.0,0.0,0.0
icu,45.0,40.0,2768,0.041496761813384506,0.9172439492567944,0.9624687535689742,0.9865811741172835,0.013418825882716473,0.03753124643102576,0.08275605074320556,0.0,0.0,0.0,0.0,0.0,0.0
icu,45.0,41.0,2367,0.035485128328136245,0.8436164943845599,0.9162229626393014,0.9618672866897062,0.03813271331029381,0.08377703736069866,0.1563835056154401,0.0,0.0,0.0,0.0,0.0,0.0
icu,45.0,42.0,2452,0.03675941472775246,0.7352337395302188,0.8372261571534545,0.9078298283455941,0.09217017165440579,0.16277384284654553,0.26476626046978124,0.0,0.0,0.0,0.0,0.0,0.0
icu,45.0,43.0,1983,0.029728352122811226,0.5849317604097951,0.7196071297558766,0.8268055198062291,0.173194480193771,0.2803928702441234,0.4150682395902049,0.0,0.0,0.0,0.0,0.0,0.0
icu,45.0,44.0,2005,0.030058167426241306,0.41805202548339704,0.5712349643834651,0.7201653704458362,0.27983462955416377,0.4287650356165349,0.581947974516603,0.0,0.0,0.0,0.0,0.0,0.0
icu,45.0,45.0,1710,0.02563564403933797,0.0,0.0,0.0,0.0,0.0,0.0,0.2527727248504954,0.4102314003707593,0.5922117646142095,0.4077882353857905,0.5897685996292408,0.7472272751495046
icu,45.0,46.0,1625,0.024361357639721755,0.0,0.0,0.0,0.0,0.0,0.0,0.12882656387842206,0.26340704902411244,0.4635628711136267,0.5364371288863733,0.7365929509758875,0.8711734361215779
icu,45.0,47.0,1346,0.0201786999280403,0.0,0.0,0.0,0.0,0.0,0.0,0.055818996786798615,0.14879671197635536,0.33781658496291345,0.6621834150370866,0.8512032880236446,0.9441810032132014
icu,45.0,48.0,1360,0.02038858239385944,0.0,0.0,0.0,0.0,0.0,0.0,0.01993696961707212,0.07525571160524347,0.23394316003612964,0.7660568399638704,0.9247442883947565,0.9800630303829279
icu,45.0,49.0,1032,0.015471336051810987,0.0,0.0,0.0,0.0,0.0,0.0,0.005509917799672123,0.03286523744340425,0.15216665114272374,0.8478333488572762,0.9671347625565958,0.9944900822003279
icu,45.0,50.0,1069,0.016026025425761575,0.0,0.0,0.0,0.0,0.0,0.0,0.0012659065525775115,0.012315252780365715,0.09295954446268412,0.9070404555373158,0.9876847472196343,0.9987340934474225
icu,45.0,51.0,789,0.011828376109378747,0.0,0.0,0.0,0.0,0.0,0.0,0.00023659971266926373,0.004025345042571793,0.051292816132166866,0.9487071838678331,0.9959746549574282,0.9997634002873307
icu,45.0,52.0,796,0.011933317342288318,0.0,0.0,0.0,0.0,0.0,0.0,3.197735093949938e-05,0.00112917451144956,0.027286515428480523,0.9727134845715195,0.9988708254885504,0.9999680226490605
icu,45.0,53.0,666,0.009984408731110578,0.0,0.0,0.0,0.0,0.0,0.0,3.4787163273597432e-06,0.000284590821093611,0.012624584124257956,0.9873754158757421,0.9997154091789064,0.9999965212836727
icu,45.0,54.0,653,0.009789517869992805,0.0,0.0,0.0,0.0,0.0,0.0,3.115267463743577e-07,5.808457921707699e-05,0.0055102520552925355,0.9944897479447075,0.9999419154207829,0.9999996884732536
icu,45.0,55.0,527,0.007900575677620533,0.0,0.0,0.0,0.0,0.0,0.0,2.0257385810462658e-08,1.057300574625053e-05,0.002206913921362768,0.9977930860786373,0.9999894269942537,0.9999999797426142
icu,45.0,56.0,550,0.008245382585751979,0.0,0.0,0.0,0.0,0.0,0.0,1.1941616140376256e-09,1.647181811059717e-06,0.0008097469654617268,0.9991902530345382,0.9999983528181889,0.9999999988058383
icu,45.0,57.0,425,0.006371431998081075,0.0,0.0,0.0,0.0,0.0,0.0,5.62865559716741e-11,2.125660337748414e-07,0.00026450454598734256,0.9997354954540126,0.9999997874339662,0.9999999999437135
icu,45.0,58.0,454,0.006806188534420724,0.0,0.0,0.0,0.0,0.0,0.0,2.0544038692449366e-12,2.5152087468338635e-08,8.342614765010903e-05,0.9999165738523499,0.9999999748479125,0.9999999999979456
icu,45.0,59.0,369,0.00553190213480451,0.0,0.0,0.0,0.0,0.0,0.0,5.5530580134188775e-14,2.4672613951892686e-09,2.4838563042453568e-05,0.9999751614369575,0.9999999975327386,0.9999999999999445
icu,45.0,60.0,397,0.005951667066442792,0.0,0.0,0.0,0.0,0.0,0.0,1.2212453270876722e-15,1.9601903433752454e-10,6.643068188788562e-06,0.9999933569318112,0.999999999803981,0.9999999999999988
icu,45.0,61.0,386,0.005786759414727753,0.0,0.0,0.0,0.0,0.0,0.0,0.0,1.3688494782115868e-11,1.596070351575495e-06,0.9999984039296484,0.9999999999863115,1.0
icu,45.0,62.0,354,0.005307028064284001,0.0,0.0,0.0,0.0,0.0,0.0,0.0,8.110734306399081e-13,3.4843710325360705e-07,0.9999996515628967,0.9999999999991889,1.0
icu,45.0,63.0,287,0.0043025905492923965,0.0,0.0,0.0,0.0,0.0,0.0,0.0,4.3520742565306136e-14,6.761392225551609e-08,0.9999999323860778,0.9999999999999565,1.0
icu,45.0,64.0,305,0.004572439433917007,0.0,0.0,0.0,0.0,0.0,0.0,0.0,1.887379141862766e-15,1.155661509821825e-08,0.9999999884433849,0.9999999999999981,1.0
icu,45.0,65.0,249,0.0037329095706404416,0.0,0.0,0.0,0.0,0.0,0.0,0.0,1.1102230246251565e-16,1.927106238475139e-09,0.9999999980728937,0.9999999999999999,1.0
icu,45.0,66.0,254,0.0038078675941472773,0.0,0.0,0.0,0.0,0.0,0.0,0.0,0.0,2.9142522284253333e-10,0.9999999997085748,1.0,1.0
icu,45.0,67.0,239,0.003582993523626769,0.0,0.0,0.0,0.0,0.0,0.0,0.0,0.0,4.127827246680467e-11,0.9999999999587217,1.0,1.0
icu,45.0,68.0,266,0.003987766850563684,0.0,0.0,0.0,0.0,0.0,0.0,0.0,0.0,5.434772076817734e-12,0.9999999999945652,1.0,1.0
icu,45.0,69.0,224,0.0033581194531062605,0.0,0.0,0.0,0.0,0.0,0.0,0.0,0.0,6.89456824964906e-13,0.9999999999993106,1.0,1.0
icu,45.0,70.0,207,0.0031032621731830177,0.0,0.0,0.0,0.0,0.0,0.0,0.0,0.0,7.854272787710665e-14,0.9999999999999215,1.0,1.0
icu,45.0,71.0,198,0.002968337730870712,0.0,0.0,0.0,0.0,0.0,0.0,0.0,0.0,7.793765632868579e-15,0.9999999999999922,1.0,1.0
icu,45.0,72.0,193,0.0028933797073638764,0.0,0.0,0.0,0.0,0.0,0.0,0.0,0.0,6.716849298982147e-16,0.9999999999999993,1.0,1.0
icu,45.0,73.0,195,0.0029233629167666106,0.0,0.0,0.0,0.0,0.0,0.0,0.0,0.0,1.1102230246251565e-16,0.9999999999999999,1.0,1.0
icu,45.0,74.0,181,0.0027134804509474694,0.0,0.0,0.0,0.0,0.0,0.0,0.0,0.0,0.0,1.0,1.0,1.0
icu,45.0,75.0,176,0.002638522427440633,0.0,0.0,0.0,0.0,0.0,0.0,0.0,0.0,0.0,1.0,1.0,1.0
icu,45.0,76.0,172,0.0025785560086351643,0.0,0.0,0.0,0.0,0.0,0.0,0.0,0.0,0.0,1.0,1.0,1.0
icu,45.0,77.0,154,0.002308707124010554,0.0,0.0,0.0,0.0,0.0,0.0,0.0,0.0,0.0,1.0,1.0,1.0
icu,45.0,78.0,146,0.0021887742863996164,0.0,0.0,0.0,0.0,0.0,0.0,0.0,0.0,0.0,1.0,1.0,1.0
icu,45.0,79.0,129,0.0019339170064763733,0.0,0.0,0.0,0.0,0.0,0.0,0.0,0.0,0.0,1.0,1.0,1.0
icu,45.0,80.0,147,0.0022037658911009833,0.0,0.0,0.0,0.0,0.0,0.0,0.0,0.0,0.0,1.0,1.0,1.0
icu,45.0,81.0,114,0.0017090429359558647,0.0,0.0,0.0,0.0,0.0,0.0,0.0,0.0,0.0,1.0,1.0,1.0
icu,45.0,82.0,117,0.0017540177500599665,0.0,0.0,0.0,0.0,0.0,0.0,0.0,0.0,0.0,1.0,1.0,1.0
icu,45.0,83.0,121,0.0018139841688654353,0.0,0.0,0.0,0.0,0.0,0.0,0.0,0.0,0.0,1.0,1.0,1.0
icu,45.0,84.0,120,0.001798992564164068,0.0,0.0,0.0,0.0,0.0,0.0,0.0,0.0,0.0,1.0,1.0,1.0
icu,45.0,85.0,125,0.0018739505876709042,0.0,0.0,0.0,0.0,0.0,0.0,0.0,0.0,0.0,1.0,1.0,1.0
icu,45.0,86.0,108,0.0016190933077476614,0.0,0.0,0.0,0.0,0.0,0.0,0.0,0.0,0.0,1.0,1.0,1.0
icu,45.0,87.0,101,0.0015141520748380907,0.0,0.0,0.0,0.0,0.0,0.0,0.0,0.0,0.0,1.0,1.0,1.0
icu,45.0,88.0,99,0.001484168865435356,0.0,0.0,0.0,0.0,0.0,0.0,0.0,0.0,0.0,1.0,1.0,1.0
icu,45.0,89.0,85,0.001274286399616215,0.0,0.0,0.0,0.0,0.0,0.0,0.0,0.0,0.0,1.0,1.0,1.0
icu,45.0,90.0,90,0.001349244423123051,0.0,0.0,0.0,0.0,0.0,0.0,0.0,0.0,0.0,1.0,1.0,1.0
icu,45.0,91.0,76,0.0011393619573039097,0.0,0.0,0.0,0.0,0.0,0.0,0.0,0.0,0.0,1.0,1.0,1.0
icu,45.0,92.0,85,0.001274286399616215,0.0,0.0,0.0,0.0,0.0,0.0,0.0,0.0,0.0,1.0,1.0,1.0
icu,45.0,93.0,78,0.0011693451667066444,0.0,0.0,0.0,0.0,0.0,0.0,0.0,0.0,0.0,1.0,1.0,1.0
icu,45.0,94.0,61,0.0009144878867834013,0.0,0.0,0.0,0.0,0.0,0.0,0.0,0.0,0.0,1.0,1.0,1.0
icu,45.0,95.0,78,0.0011693451667066444,0.0,0.0,0.0,0.0,0.0,0.0,0.0,0.0,0.0,1.0,1.0,1.0
icu,45.0,96.0,61,0.0009144878867834013,0.0,0.0,0.0,0.0,0.0,0.0,0.0,0.0,0.0,1.0,1.0,1.0
icu,45.0,97.0,60,0.000899496282082034,0.0,0.0,0.0,0.0,0.0,0.0,0.0,0.0,0.0,1.0,1.0,1.0
icu,45.0,98.0,50,0.0007495802350683617,0.0,0.0,0.0,0.0,0.0,0.0,0.0,0.0,0.0,1.0,1.0,1.0
icu,45.0,99.0,54,0.0008095466538738307,0.0,0.0,0.0,0.0,0.0,0.0,0.0,0.0,0.0,1.0,1.0,1.0
icu,45.0,100.0,56,0.0008395298632765651,0.0,0.0,0.0,0.0,0.0,0.0,0.0,0.0,0.0,1.0,1.0,1.0
icu,45.0,101.0,31,0.0004647397457423843,0.0,0.0,0.0,0.0,0.0,0.0,0.0,0.0,0.0,1.0,1.0,1.0
icu,45.0,102.0,38,0.0005696809786519549,0.0,0.0,0.0,0.0,0.0,0.0,0.0,0.0,0.0,1.0,1.0,1.0
icu,45.0,103.0,43,0.0006446390021587911,0.0,0.0,0.0,0.0,0.0,0.0,0.0,0.0,0.0,1.0,1.0,1.0
icu,45.0,104.0,39,0.0005846725833533222,0.0,0.0,0.0,0.0,0.0,0.0,0.0,0.0,0.0,1.0,1.0,1.0
icu,45.0,105.0,34,0.000509714559846486,0.0,0.0,0.0,0.0,0.0,0.0,0.0,0.0,0.0,1.0,1.0,1.0
icu,45.0,106.0,35,0.0005247061645478532,0.0,0.0,0.0,0.0,0.0,0.0,0.0,0.0,0.0,1.0,1.0,1.0
icu,45.0,107.0,22,0.00032981530343007914,0.0,0.0,0.0,0.0,0.0,0.0,0.0,0.0,0.0,1.0,1.0,1.0
icu,45.0,108.0,26,0.0003897817222355481,0.0,0.0,0.0,0.0,0.0,0.0,0.0,0.0,0.0,1.0,1.0,1.0
icu,45.0,109.0,25,0.00037479011753418086,0.0,0.0,0.0,0.0,0.0,0.0,0.0,0.0,0.0,1.0,1.0,1.0
icu,45.0,110.0,31,0.0004647397457423843,0.0,0.0,0.0,0.0,0.0,0.0,0.0,0.0,0.0,1.0,1.0,1.0
icu,45.0,111.0,22,0.00032981530343007914,0.0,0.0,0.0,0.0,0.0,0.0,0.0,0.0,0.0,1.0,1.0,1.0
icu,45.0,112.0,22,0.00032981530343007914,0.0,0.0,0.0,0.0,0.0,0.0,0.0,0.0,0.0,1.0,1.0,1.0
icu,45.0,113.0,23,0.00034480690813144636,0.0,0.0,0.0,0.0,0.0,0.0,0.0,0.0,0.0,1.0,1.0,1.0
icu,45.0,114.0,24,0.00035979851283281364,0.0,0.0,0.0,0.0,0.0,0.0,0.0,0.0,0.0,1.0,1.0,1.0
icu,45.0,115.0,25,0.00037479011753418086,0.0,0.0,0.0,0.0,0.0,0.0,0.0,0.0,0.0,1.0,1.0,1.0
icu,45.0,116.0,26,0.0003897817222355481,0.0,0.0,0.0,0.0,0.0,0.0,0.0,0.0,0.0,1.0,1.0,1.0
icu,45.0,117.0,18,0.0002698488846246102,0.0,0.0,0.0,0.0,0.0,0.0,0.0,0.0,0.0,1.0,1.0,1.0
icu,45.0,118.0,24,0.00035979851283281364,0.0,0.0,0.0,0.0,0.0,0.0,0.0,0.0,0.0,1.0,1.0,1.0
icu,45.0,119.0,21,0.0003148236987287119,0.0,0.0,0.0,0.0,0.0,0.0,0.0,0.0,0.0,1.0,1.0,1.0
icu,45.0,120.0,21,0.0003148236987287119,0.0,0.0,0.0,0.0,0.0,0.0,0.0,0.0,0.0,1.0,1.0,1.0
icu,45.0,121.0,23,0.00034480690813144636,0.0,0.0,0.0,0.0,0.0,0.0,0.0,0.0,0.0,1.0,1.0,1.0
icu,45.0,122.0,9,0.0001349244423123051,0.0,0.0,0.0,0.0,0.0,0.0,0.0,0.0,0.0,1.0,1.0,1.0
icu,45.0,123.0,17,0.000254857279923243,0.0,0.0,0.0,0.0,0.0,0.0,0.0,0.0,0.0,1.0,1.0,1.0
icu,45.0,124.0,19,0.00028484048932597743,0.0,0.0,0.0,0.0,0.0,0.0,0.0,0.0,0.0,1.0,1.0,1.0
icu,45.0,125.0,21,0.0003148236987287119,0.0,0.0,0.0,0.0,0.0,0.0,0.0,0.0,0.0,1.0,1.0,1.0
icu,45.0,126.0,8,0.00011993283761093787,0.0,0.0,0.0,0.0,0.0,0.0,0.0,0.0,0.0,1.0,1.0,1.0
icu,45.0,127.0,15,0.0002248740705205085,0.0,0.0,0.0,0.0,0.0,0.0,0.0,0.0,0.0,1.0,1.0,1.0
icu,45.0,128.0,9,0.0001349244423123051,0.0,0.0,0.0,0.0,0.0,0.0,0.0,0.0,0.0,1.0,1.0,1.0
icu,45.0,129.0,20,0.0002998320940273447,0.0,0.0,0.0,0.0,0.0,0.0,0.0,0.0,0.0,1.0,1.0,1.0
icu,45.0,130.0,21,0.0003148236987287119,0.0,0.0,0.0,0.0,0.0,0.0,0.0,0.0,0.0,1.0,1.0,1.0
icu,45.0,131.0,12,0.00017989925641640682,0.0,0.0,0.0,0.0,0.0,0.0,0.0,0.0,0.0,1.0,1.0,1.0
icu,45.0,132.0,14,0.00020988246581914128,0.0,0.0,0.0,0.0,0.0,0.0,0.0,0.0,0.0,1.0,1.0,1.0
icu,45.0,133.0,13,0.00019489086111777404,0.0,0.0,0.0,0.0,0.0,0.0,0.0,0.0,0.0,1.0,1.0,1.0
icu,45.0,134.0,8,0.00011993283761093787,0.0,0.0,0.0,0.0,0.0,0.0,0.0,0.0,0.0,1.0,1.0,1.0
icu,45.0,135.0,20,0.0002998320940273447,0.0,0.0,0.0,0.0,0.0,0.0,0.0,0.0,0.0,1.0,1.0,1.0
icu,45.0,136.0,12,0.00017989925641640682,0.0,0.0,0.0,0.0,0.0,0.0,0.0,0.0,0.0,1.0,1.0,1.0
icu,45.0,137.0,10,0.00014991604701367235,0.0,0.0,0.0,0.0,0.0,0.0,0.0,0.0,0.0,1.0,1.0,1.0
icu,45.0,138.0,12,0.00017989925641640682,0.0,0.0,0.0,0.0,0.0,0.0,0.0,0.0,0.0,1.0,1.0,1.0
icu,45.0,139.0,12,0.00017989925641640682,0.0,0.0,0.0,0.0,0.0,0.0,0.0,0.0,0.0,1.0,1.0,1.0
icu,45.0,140.0,10,0.00014991604701367235,0.0,0.0,0.0,0.0,0.0,0.0,0.0,0.0,0.0,1.0,1.0,1.0
icu,45.0,141.0,8,0.00011993283761093787,0.0,0.0,0.0,0.0,0.0,0.0,0.0,0.0,0.0,1.0,1.0,1.0
icu,45.0,142.0,4,5.996641880546894e-05,0.0,0.0,0.0,0.0,0.0,0.0,0.0,0.0,0.0,1.0,1.0,1.0
icu,45.0,143.0,11,0.00016490765171503957,0.0,0.0,0.0,0.0,0.0,0.0,0.0,0.0,0.0,1.0,1.0,1.0
icu,45.0,144.0,10,0.00014991604701367235,0.0,0.0,0.0,0.0,0.0,0.0,0.0,0.0,0.0,1.0,1.0,1.0
icu,45.0,145.0,8,0.00011993283761093787,0.0,0.0,0.0,0.0,0.0,0.0,0.0,0.0,0.0,1.0,1.0,1.0
icu,45.0,146.0,11,0.00016490765171503957,0.0,0.0,0.0,0.0,0.0,0.0,0.0,0.0,0.0,1.0,1.0,1.0
icu,45.0,147.0,11,0.00016490765171503957,0.0,0.0,0.0,0.0,0.0,0.0,0.0,0.0,0.0,1.0,1.0,1.0
icu,45.0,148.0,6,8.994962820820341e-05,0.0,0.0,0.0,0.0,0.0,0.0,0.0,0.0,0.0,1.0,1.0,1.0
icu,45.0,149.0,7,0.00010494123290957064,0.0,0.0,0.0,0.0,0.0,0.0,0.0,0.0,0.0,1.0,1.0,1.0
icu,45.0,150.0,5,7.495802350683618e-05,0.0,0.0,0.0,0.0,0.0,0.0,0.0,0.0,0.0,1.0,1.0,1.0
icu,45.0,151.0,9,0.0001349244423123051,0.0,0.0,0.0,0.0,0.0,0.0,0.0,0.0,0.0,1.0,1.0,1.0
icu,45.0,152.0,10,0.00014991604701367235,0.0,0.0,0.0,0.0,0.0,0.0,0.0,0.0,0.0,1.0,1.0,1.0
icu,45.0,153.0,13,0.00019489086111777404,0.0,0.0,0.0,0.0,0.0,0.0,0.0,0.0,0.0,1.0,1.0,1.0
icu,45.0,154.0,11,0.00016490765171503957,0.0,0.0,0.0,0.0,0.0,0.0,0.0,0.0,0.0,1.0,1.0,1.0
icu,45.0,155.0,12,0.00017989925641640682,0.0,0.0,0.0,0.0,0.0,0.0,0.0,0.0,0.0,1.0,1.0,1.0
icu,45.0,156.0,5,7.495802350683618e-05,0.0,0.0,0.0,0.0,0.0,0.0,0.0,0.0,0.0,1.0,1.0,1.0
icu,45.0,157.0,5,7.495802350683618e-05,0.0,0.0,0.0,0.0,0.0,0.0,0.0,0.0,0.0,1.0,1.0,1.0
icu,45.0,158.0,4,5.996641880546894e-05,0.0,0.0,0.0,0.0,0.0,0.0,0.0,0.0,0.0,1.0,1.0,1.0
icu,45.0,159.0,3,4.4974814104101705e-05,0.0,0.0,0.0,0.0,0.0,0.0,0.0,0.0,0.0,1.0,1.0,1.0
icu,45.0,160.0,12,0.00017989925641640682,0.0,0.0,0.0,0.0,0.0,0.0,0.0,0.0,0.0,1.0,1.0,1.0
icu,45.0,161.0,10,0.00014991604701367235,0.0,0.0,0.0,0.0,0.0,0.0,0.0,0.0,0.0,1.0,1.0,1.0
icu,45.0,162.0,7,0.00010494123290957064,0.0,0.0,0.0,0.0,0.0,0.0,0.0,0.0,0.0,1.0,1.0,1.0
icu,45.0,163.0,7,0.00010494123290957064,0.0,0.0,0.0,0.0,0.0,0.0,0.0,0.0,0.0,1.0,1.0,1.0
icu,45.0,164.0,4,5.996641880546894e-05,0.0,0.0,0.0,0.0,0.0,0.0,0.0,0.0,0.0,1.0,1.0,1.0
icu,45.0,165.0,6,8.994962820820341e-05,0.0,0.0,0.0,0.0,0.0,0.0,0.0,0.0,0.0,1.0,1.0,1.0
icu,45.0,166.0,13,0.00019489086111777404,0.0,0.0,0.0,0.0,0.0,0.0,0.0,0.0,0.0,1.0,1.0,1.0
icu,45.0,167.0,7,0.00010494123290957064,0.0,0.0,0.0,0.0,0.0,0.0,0.0,0.0,0.0,1.0,1.0,1.0
icu,45.0,168.0,6,8.994962820820341e-05,0.0,0.0,0.0,0.0,0.0,0.0,0.0,0.0,0.0,1.0,1.0,1.0
icu,45.0,169.0,4,5.996641880546894e-05,0.0,0.0,0.0,0.0,0.0,0.0,0.0,0.0,0.0,1.0,1.0,1.0
icu,45.0,170.0,7,0.00010494123290957064,0.0,0.0,0.0,0.0,0.0,0.0,0.0,0.0,0.0,1.0,1.0,1.0
icu,45.0,171.0,5,7.495802350683618e-05,0.0,0.0,0.0,0.0,0.0,0.0,0.0,0.0,0.0,1.0,1.0,1.0
icu,45.0,172.0,5,7.495802350683618e-05,0.0,0.0,0.0,0.0,0.0,0.0,0.0,0.0,0.0,1.0,1.0,1.0
icu,45.0,173.0,8,0.00011993283761093787,0.0,0.0,0.0,0.0,0.0,0.0,0.0,0.0,0.0,1.0,1.0,1.0
icu,45.0,174.0,4,5.996641880546894e-05,0.0,0.0,0.0,0.0,0.0,0.0,0.0,0.0,0.0,1.0,1.0,1.0
icu,45.0,175.0,6,8.994962820820341e-05,0.0,0.0,0.0,0.0,0.0,0.0,0.0,0.0,0.0,1.0,1.0,1.0
icu,45.0,176.0,4,5.996641880546894e-05,0.0,0.0,0.0,0.0,0.0,0.0,0.0,0.0,0.0,1.0,1.0,1.0
icu,45.0,177.0,4,5.996641880546894e-05,0.0,0.0,0.0,0.0,0.0,0.0,0.0,0.0,0.0,1.0,1.0,1.0
icu,45.0,178.0,11,0.00016490765171503957,0.0,0.0,0.0,0.0,0.0,0.0,0.0,0.0,0.0,1.0,1.0,1.0
icu,45.0,179.0,4,5.996641880546894e-05,0.0,0.0,0.0,0.0,0.0,0.0,0.0,0.0,0.0,1.0,1.0,1.0
icu,45.0,180.0,8,0.00011993283761093787,0.0,0.0,0.0,0.0,0.0,0.0,0.0,0.0,0.0,1.0,1.0,1.0
icu,45.0,181.0,3,4.4974814104101705e-05,0.0,0.0,0.0,0.0,0.0,0.0,0.0,0.0,0.0,1.0,1.0,1.0
icu,45.0,182.0,3,4.4974814104101705e-05,0.0,0.0,0.0,0.0,0.0,0.0,0.0,0.0,0.0,1.0,1.0,1.0
icu,45.0,183.0,3,4.4974814104101705e-05,0.0,0.0,0.0,0.0,0.0,0.0,0.0,0.0,0.0,1.0,1.0,1.0
icu,45.0,184.0,3,4.4974814104101705e-05,0.0,0.0,0.0,0.0,0.0,0.0,0.0,0.0,0.0,1.0,1.0,1.0
icu,45.0,185.0,5,7.495802350683618e-05,0.0,0.0,0.0,0.0,0.0,0.0,0.0,0.0,0.0,1.0,1.0,1.0
icu,45.0,186.0,2,2.998320940273447e-05,0.0,0.0,0.0,0.0,0.0,0.0,0.0,0.0,0.0,1.0,1.0,1.0
icu,45.0,187.0,8,0.00011993283761093787,0.0,0.0,0.0,0.0,0.0,0.0,0.0,0.0,0.0,1.0,1.0,1.0
icu,45.0,188.0,4,5.996641880546894e-05,0.0,0.0,0.0,0.0,0.0,0.0,0.0,0.0,0.0,1.0,1.0,1.0
icu,45.0,189.0,2,2.998320940273447e-05,0.0,0.0,0.0,0.0,0.0,0.0,0.0,0.0,0.0,1.0,1.0,1.0
icu,45.0,190.0,2,2.998320940273447e-05,0.0,0.0,0.0,0.0,0.0,0.0,0.0,0.0,0.0,1.0,1.0,1.0
icu,45.0,191.0,4,5.996641880546894e-05,0.0,0.0,0.0,0.0,0.0,0.0,0.0,0.0,0.0,1.0,1.0,1.0
icu,45.0,192.0,4,5.996641880546894e-05,0.0,0.0,0.0,0.0,0.0,0.0,0.0,0.0,0.0,1.0,1.0,1.0
icu,45.0,193.0,4,5.996641880546894e-05,0.0,0.0,0.0,0.0,0.0,0.0,0.0,0.0,0.0,1.0,1.0,1.0
icu,45.0,194.0,5,7.495802350683618e-05,0.0,0.0,0.0,0.0,0.0,0.0,0.0,0.0,0.0,1.0,1.0,1.0
icu,45.0,195.0,5,7.495802350683618e-05,0.0,0.0,0.0,0.0,0.0,0.0,0.0,0.0,0.0,1.0,1.0,1.0
icu,45.0,196.0,8,0.00011993283761093787,0.0,0.0,0.0,0.0,0.0,0.0,0.0,0.0,0.0,1.0,1.0,1.0
icu,45.0,197.0,4,5.996641880546894e-05,0.0,0.0,0.0,0.0,0.0,0.0,0.0,0.0,0.0,1.0,1.0,1.0
icu,45.0,198.0,3,4.4974814104101705e-05,0.0,0.0,0.0,0.0,0.0,0.0,0.0,0.0,0.0,1.0,1.0,1.0
icu,45.0,199.0,5,7.495802350683618e-05,0.0,0.0,0.0,0.0,0.0,0.0,0.0,0.0,0.0,1.0,1.0,1.0
icu,45.0,200.0,3,4.4974814104101705e-05,0.0,0.0,0.0,0.0,0.0,0.0,0.0,0.0,0.0,1.0,1.0,1.0
icu,45.0,201.0,3,4.4974814104101705e-05,0.0,0.0,0.0,0.0,0.0,0.0,0.0,0.0,0.0,1.0,1.0,1.0
icu,45.0,202.0,2,2.998320940273447e-05,0.0,0.0,0.0,0.0,0.0,0.0,0.0,0.0,0.0,1.0,1.0,1.0
icu,45.0,203.0,6,8.994962820820341e-05,0.0,0.0,0.0,0.0,0.0,0.0,0.0,0.0,0.0,1.0,1.0,1.0
icu,45.0,204.0,4,5.996641880546894e-05,0.0,0.0,0.0,0.0,0.0,0.0,0.0,0.0,0.0,1.0,1.0,1.0
icu,45.0,206.0,5,7.495802350683618e-05,0.0,0.0,0.0,0.0,0.0,0.0,0.0,0.0,0.0,1.0,1.0,1.0
icu,45.0,207.0,3,4.4974814104101705e-05,0.0,0.0,0.0,0.0,0.0,0.0,0.0,0.0,0.0,1.0,1.0,1.0
icu,45.0,208.0,3,4.4974814104101705e-05,0.0,0.0,0.0,0.0,0.0,0.0,0.0,0.0,0.0,1.0,1.0,1.0
icu,45.0,209.0,3,4.4974814104101705e-05,0.0,0.0,0.0,0.0,0.0,0.0,0.0,0.0,0.0,1.0,1.0,1.0
icu,45.0,210.0,1,1.4991604701367234e-05,0.0,0.0,0.0,0.0,0.0,0.0,0.0,0.0,0.0,1.0,1.0,1.0
icu,45.0,211.0,2,2.998320940273447e-05,0.0,0.0,0.0,0.0,0.0,0.0,0.0,0.0,0.0,1.0,1.0,1.0
icu,45.0,212.0,2,2.998320940273447e-05,0.0,0.0,0.0,0.0,0.0,0.0,0.0,0.0,0.0,1.0,1.0,1.0
icu,45.0,213.0,3,4.4974814104101705e-05,0.0,0.0,0.0,0.0,0.0,0.0,0.0,0.0,0.0,1.0,1.0,1.0
icu,45.0,214.0,1,1.4991604701367234e-05,0.0,0.0,0.0,0.0,0.0,0.0,0.0,0.0,0.0,1.0,1.0,1.0
icu,45.0,215.0,3,4.4974814104101705e-05,0.0,0.0,0.0,0.0,0.0,0.0,0.0,0.0,0.0,1.0,1.0,1.0
icu,45.0,216.0,2,2.998320940273447e-05,0.0,0.0,0.0,0.0,0.0,0.0,0.0,0.0,0.0,1.0,1.0,1.0
icu,45.0,217.0,3,4.4974814104101705e-05,0.0,0.0,0.0,0.0,0.0,0.0,0.0,0.0,0.0,1.0,1.0,1.0
icu,45.0,218.0,3,4.4974814104101705e-05,0.0,0.0,0.0,0.0,0.0,0.0,0.0,0.0,0.0,1.0,1.0,1.0
icu,45.0,219.0,3,4.4974814104101705e-05,0.0,0.0,0.0,0.0,0.0,0.0,0.0,0.0,0.0,1.0,1.0,1.0
icu,45.0,220.0,6,8.994962820820341e-05,0.0,0.0,0.0,0.0,0.0,0.0,0.0,0.0,0.0,1.0,1.0,1.0
icu,45.0,221.0,2,2.998320940273447e-05,0.0,0.0,0.0,0.0,0.0,0.0,0.0,0.0,0.0,1.0,1.0,1.0
icu,45.0,222.0,2,2.998320940273447e-05,0.0,0.0,0.0,0.0,0.0,0.0,0.0,0.0,0.0,1.0,1.0,1.0
icu,45.0,224.0,3,4.4974814104101705e-05,0.0,0.0,0.0,0.0,0.0,0.0,0.0,0.0,0.0,1.0,1.0,1.0
icu,45.0,225.0,4,5.996641880546894e-05,0.0,0.0,0.0,0.0,0.0,0.0,0.0,0.0,0.0,1.0,1.0,1.0
icu,45.0,226.0,1,1.4991604701367234e-05,0.0,0.0,0.0,0.0,0.0,0.0,0.0,0.0,0.0,1.0,1.0,1.0
icu,45.0,227.0,3,4.4974814104101705e-05,0.0,0.0,0.0,0.0,0.0,0.0,0.0,0.0,0.0,1.0,1.0,1.0
icu,45.0,228.0,1,1.4991604701367234e-05,0.0,0.0,0.0,0.0,0.0,0.0,0.0,0.0,0.0,1.0,1.0,1.0
icu,45.0,229.0,4,5.996641880546894e-05,0.0,0.0,0.0,0.0,0.0,0.0,0.0,0.0,0.0,1.0,1.0,1.0
icu,45.0,230.0,4,5.996641880546894e-05,0.0,0.0,0.0,0.0,0.0,0.0,0.0,0.0,0.0,1.0,1.0,1.0
icu,45.0,231.0,2,2.998320940273447e-05,0.0,0.0,0.0,0.0,0.0,0.0,0.0,0.0,0.0,1.0,1.0,1.0
icu,45.0,232.0,5,7.495802350683618e-05,0.0,0.0,0.0,0.0,0.0,0.0,0.0,0.0,0.0,1.0,1.0,1.0
icu,45.0,233.0,3,4.4974814104101705e-05,0.0,0.0,0.0,0.0,0.0,0.0,0.0,0.0,0.0,1.0,1.0,1.0
icu,45.0,234.0,3,4.4974814104101705e-05,0.0,0.0,0.0,0.0,0.0,0.0,0.0,0.0,0.0,1.0,1.0,1.0
icu,45.0,235.0,1,1.4991604701367234e-05,0.0,0.0,0.0,0.0,0.0,0.0,0.0,0.0,0.0,1.0,1.0,1.0
icu,45.0,236.0,4,5.996641880546894e-05,0.0,0.0,0.0,0.0,0.0,0.0,0.0,0.0,0.0,1.0,1.0,1.0
icu,45.0,237.0,2,2.998320940273447e-05,0.0,0.0,0.0,0.0,0.0,0.0,0.0,0.0,0.0,1.0,1.0,1.0
icu,45.0,239.0,3,4.4974814104101705e-05,0.0,0.0,0.0,0.0,0.0,0.0,0.0,0.0,0.0,1.0,1.0,1.0
icu,45.0,240.0,2,2.998320940273447e-05,0.0,0.0,0.0,0.0,0.0,0.0,0.0,0.0,0.0,1.0,1.0,1.0
icu,45.0,241.0,4,5.996641880546894e-05,0.0,0.0,0.0,0.0,0.0,0.0,0.0,0.0,0.0,1.0,1.0,1.0
icu,45.0,244.0,2,2.998320940273447e-05,0.0,0.0,0.0,0.0,0.0,0.0,0.0,0.0,0.0,1.0,1.0,1.0
icu,45.0,245.0,4,5.996641880546894e-05,0.0,0.0,0.0,0.0,0.0,0.0,0.0,0.0,0.0,1.0,1.0,1.0
icu,45.0,246.0,1,1.4991604701367234e-05,0.0,0.0,0.0,0.0,0.0,0.0,0.0,0.0,0.0,1.0,1.0,1.0
icu,45.0,247.0,1,1.4991604701367234e-05,0.0,0.0,0.0,0.0,0.0,0.0,0.0,0.0,0.0,1.0,1.0,1.0
icu,45.0,248.0,1,1.4991604701367234e-05,0.0,0.0,0.0,0.0,0.0,0.0,0.0,0.0,0.0,1.0,1.0,1.0
icu,45.0,249.0,1,1.4991604701367234e-05,0.0,0.0,0.0,0.0,0.0,0.0,0.0,0.0,0.0,1.0,1.0,1.0
